input,out,len,bins
Zakhiya Nassiah Marrk Ivion Annsley Nesby Mayley Dangela Alethea Tanai Kymere Zunaisha Benno Nondas Quadeshia,ahknyyyaaieaosa,15,15~22
Zenos Zamirha Tagan Wynnston Radnor Saagar Jaheer Calliejo Korry Christiann Kameya Deonni Keedon Mashal Ankoma Tamarind Danika Shylan,sannrrroynainladan,18,15~22
Prem Riv Levoy Maevery Avielle Tya Hazelle Mikhia Mackinzey Demarean Jacarria Genie Chancy Lametrice Margreet Tralana Rigoverto Carin Kristyana Riuka,mvyyeaeaynaeyetaonaa,20,15~22
Joevany Altonette Mariel Augie Inala Flore Timofei Wills Terrez Kellymarie Carmia Mikhail Onyekachukwu Monty Jeylon Apostolis Latousha Gabrianna Artin Beau Dorma,yeleaeiszealuynsaanua,21,15~22
Makailey Miamore Ashliy Ar Raymound Lissie Zaire Bartlett Gaudy Arlea Jaier Mattix Jylah Lavi Jakyre Chamel Jolanta Caledonia Tampatha Hoyd,yeyrdeetyarxhielaaad,20,15~22
Azante Timeko Chaske Qualon Doralynn Livya Jaqwan Dariany Tircio Diavonte Nasrudin Loc Taeshaun Anothy Juliene Maliyah Peighten Temidire Kingzley Pransh,eoennanyoencnyehneyh,20,15~22
Rokiatou Ariunna Jerzey Future Amandra Braidy Darikson Homas Arzetta Allanmichael Ayaan Adomas Truen Tomora Demaje Rayniel,uayeaynsalnsnael,16,15~22
Aiyahna Ryyan Drianna Kendriel Happiness Tiniqua Doulgas Javan Neddy Challise Hixie Litha Ilyn Calaya Shirlyn Jeaneen Amilleon Jakita Macaila Jeniel Leslieann,analsasnyeeanannnaaln,21,15~22
Sharnel Kaytlen Hrithik Minard Ladaijah Mohammad Karolyn Elbis Marchelo Chrisanthony Jameele Marieo Chantail Jp Cashe Bernisha Aziza Armaya,lnkdhdnsoyeolpeaaa,18,15~22
Sunset Mari Serianna Sabit Brandal Shantrese Antwoine Sanjeet Rasim Aracelia Alyssarae Jersey Kadarius Lillith Everlyrose Jaquella Arnela Naviana Carrson,tiatleetmaeysheaaan,19,15~22
Yulexi Gustav Imarion Yoexis Exael Ollive Jahleal Madason Rakyia Shinelle Lasharee Ehvan Adhithi Eniko Mahtab Farhana Cardi Faylyn Mamady,ivnslelnaeeniobainy,19,15~22
Hermia Issam Aakira Itan Marsella Aryaveer Lanijah Julita Aleeah Jowan Tamiko Zida Vernon Payzlee Jaymel Autumn Peat Demontre Agusta,amanarhahnoanelntea,19,15~22
Casara Hennie Birdine Aalya Montravious Ashlae Theopolis Chantella Chrsitina Rizza Tylashia Chaniah Dianthia Japnoor Stiven Kathyrn Jonahtan Brandonray,aeeasesaaaaharnnny,18,15~22
Ireneo Milayah Juddson Belen Donalee Chavella Perrie Mohammadyusuf Naly Ciniyah Jenika Stefoni Briette Kniya Yale Jermanii Marga Aiyan,ohnneaefyhaieaeian,18,15~22
Yasenia Jiho Flourish Niyasia Cintia Alano Countess Danasha Delsie Jennaleigh Teaira Vaya Miaisha Ansony Bernnadette Tiina Uzuri Raffaele Whitni Aafiyah,aohaaosaehaaayeaieih,20,15~22
Lyta Giacomina Laurenn Brais Taliesin Marketa Kendriana Canye Naviah Racie Marking Athulya Teighlor Dymere Xophia Alqasim Shylyn Irelynne Dioseline Selenia,aansnaaehegareamneea,20,15~22
Kenlyn Jakeal Phin Achilleus Sayuri Fayyad Jheri Esneider Vaudine Desja Bakhita Cayson Alvah Hildebrando Mandana Glendia Tyheir Sebastyan Clintonia,nlnsidireaanhoaarna,19,15~22
Azareel Arlandria Jakarii Aliandra Rakye Mickenna Senan Sebert Myyah Arlett Alieu Osby Barnwell Koya Brithny Keiauna,laiaeanthtuylaya,16,15~22
Jleah Quaniya Hollister Nylin Marcia Shohn Roneka Kalayia Itzayana Inisha Pratham Glafira Shahid Prithiv Khristine Celica Jawaski,harnanaaaamadveai,17,15~22
Vermelle Reca Kridha Desirae Kiani Kalisia Agostina Kumayl Carmon Azekiel Belverly Lavette Vaden Boady Shala Shirlye Yancarlo Yusra Ludella Schronda,eaaeiaalnlyenyaeoaaa,20,15~22
Tudy Surayyah Aalysia Shelda Lucymae Deloren Chadric Azhir Jola Omeka Jenin Aricia Semayah Cornellia Othar Khymere Siul,yhaaencraanaharel,17,15~22
Wilella Jaleea Stig Dequone Rashid Bellah Isabela Sharlotte Abinadi Quintine Aspynn Tavita Szander Locadio Thaiz Deidra Lovick,aagedhaeienarozak,17,15~22
Marcellyn Gemini Kiralee Clovie Shernell Sahri Chailynn Demeca Zbigniew Jakyree Chalsey Dainel Cagney Zaine Myka Toshiye,nieelinaweylyeae,16,15~22
Sihi Lauriana Kahlill Jehylin Alco Marileysis Noomi Fiifi Jannick Loie Xiyon Hytham Demetrial Deming Marget Erick Taytum,ialnosiikenmlgtkm,17,15~22
Shinea Glasco Jaeanna Tomikia Tahleah Velecia Jenaiah Ellieann Kaiyani Kenjuan Vivianah Izzabell Aeson Darlene Nerisa Kyrah Debbe Reeya Eloise Tarissa,aoaahahninhlneaheaea,20,15~22
Endrew Quida Stanson Elnathan Roberta Jacop Amaijah Zaiiden Sasheen Gertrue Chrysten Mahveen Ahmaj Aegan Gearldean Nierra Jabryan Deilyn Niaje Azalya Rontasia,wannaphnnennjnnanneaa,21,15~22
Urey Srikruthi Taki Kohen Jacobe Blaikley Mekea Patriciaann Junita Vitto Judah Tharon Tayde Cataleena Kamisha Dejean Olubunmi,yiineyanaohneaani,17,15~22
Baleria Anneliesse Kristena Khadjiah Ousman Phronsie Harriette Enchantra Markevion Vadir Anthani Shanautica Princeethan Ranav Latanja Cirilo Zxavian Jenilyn Mariquita Waynetta,aeahneeanrianvaonnaa,20,15~22
Dominicc Vivenne Sherif Aqueela Madolin Aamer Braydee Pedram Hitha Junetta Meghna Malic Mattson Minaya Cheray Jenkarlo Jerrilynn,cefanremaaacnayon,17,15~22
Laquesta Alaan Tayviona Hercules Antyone Jaliyiah Jayvin Chorlette Karaun Aliaya Jamarrius Zaith Sunitha Quwan Bethzi Sofina Maizah Meldoy Darain Aadhvika,anasehnenashaniahyna,20,15~22
Yetzali Zuna Nalei Sharree Bethsaida Keilah Markeia Fannye Jowen Oxley Ladaisha Elaahi Novali Kubrick Aisla Rafferty Corley,iaieahaenyaiikayy,17,15~22
Zahkeem Judythe Jemon Shena Derique Nigell Adreian Valaire Xyla Josetta Daryanna Mauricio Nicohle Nikkoli Maeverly,menaelneaaaoeiy,15,15~22
Hadlei Abel Harmone Azayah Jennylyn Mignonne Ardina Hermosa Sievert Jenecia Constantino Pravallika Holsten Tashante Larue,ilehneaataoanee,15,15~22
Anthonia Jaydeep Kelisia Jordahn Roanld Olushola Tasos Kenith Shameia Axyl Rashyia Nathern Ertha Shauntele Kallye Ladreka Lehmon Kayeson Emme,apandashalanaeeanne,19,15~22
Judeyah Bellamia Lonie Tevan Maudene Rowland Quarmaine Somia Vanely Alleen Jaber Azaylea Daris Dushaun Tieysha Rhyla Namiyah Ellanore Ikeni Phillipmichael,haenedeaynrasnaaheil,20,15~22
Channell Yurianna Estele Willaim Jayvien Algerd Lugh Unique Adelade Schylar Demariah Anorah Bernnadette Flara Dessie Uvonka Berthine,laemndheerhheaeae,17,15~22
Mantasha Tywin Valine Ricco Lizel Clotell Amran Olabode Shatonna Sybill Sterling Victoriarose Shariya Tylie Bertrum Louvenia,aneollnealgeaema,16,15~22
Saranda Geore Traveion Memorie Melandy Traice Elladora Rayna Mosa Eunetta Keisi Lawrie Myrra Lathisa Sigfrid Marelis,aeneyeaaaaieaads,16,15~22
Mayari Adea Delphenia Sherlita Syana Jahad Mareisha Quintella Nandana Jacenia Norva Emelia Anaelle Arizona Shulamith Kayliegh Jeanella Davinder Temekia Reehan Yevonne,iaaaadaaaaaaeahharane,21,15~22
Jadenne Favour Joeseph Calen Kross Omia Raylie Bristol Imela Jhonathan Amelie Eshal Josehp Montse Aubriela Koye Nazeir Javeed Fada Kajsa Marguriette,erhnsaelanelpeaerdaae,21,15~22
Musetta Leandros Jalesa Rebba Avyana Zarhia Mecole Hrishi Morley Sandford Tahriq Katenia Kywuan Adonias Demajae Tyeesha Lakeyshia Setara Jaquinta,asaaaaeiydqanseaaaa,19,15~22
Deshad Vernadine Yuleydi Shula Jatisha Aymaan Akiah Dionta Mckenli Alexsia Jaritza Jostyn Brisha Karolyne Varion Dakson Amiir Zelena,deiaanhaiaanaennra,18,15~22
Jayzen Leyah Nitara Donahue Mystikal Vieno Umer Skarlette Zamaurion Wilella Kielah Teshika Haralambos Harutun Keelan,nhaelorenahasnn,15,15~22
Nahima Jori Tynajah Shiloah Tamila Myiona Amiriyon Ai Jayeden Brynia Reymundo Milesha Khayson Aubreyonna Payal Alarah Moran Solaia Kathlene Braislee Nisha,aihhaaninaoanalhnaeea,21,15~22
Yeila Leddy Charlona Mackenzee Malakie Aldah Khloe Tamjeed Ywa Reileigh Margee Vicki Ruston Rayshawn Trai Casadee Vail Jenuel Trip Feigy Kayori,ayaeehedaheinniellpyi,21,15~22
Bracelyn Suany Bracha Tieka Malex Matalynn Avienda Uraina Maxx Honorine Rehmat Jaella Maizen Lemont Tikiyah Keltsey Jaycey Terr Roniya,nyaaxnaaxetanthyyra,19,15~22
Ayannia Norhan Valaska Marqua Melchior Kaella Nissy Dawnene Tonantzin Keirah Donchevell Daid Sebastijan Rickita Giancarlo Farhana Hafeeza Tranda,anaarayenhldnaoaaa,18,15~22
Lavone Jamisen Kino Khilynn Toris Kawaun Jacen Laketia Badri Xiola Trampis Maryiah Lepha Landris Kohin,enonsnnaiashasn,15,15~22
Izely Saachi Raine Kaelib Miku Domonick Lemonte Meritxell Ceyana Mailo Lakshana Sahitya Milson Jatyra Snyder Adalind Jaquann,yiebukelaoaanardn,17,15~22
Sridhar Nandana Pavani Malaak Maryel Coriah Carlana Jaydaliz Josefita Quantasha Ivvy Jordyan Esmerai Diva Margarita Brylea Sharonda Mabrey Lequitta,raiklhazaayniaaaaya,19,15~22
Chanden Derico Delmarie Makaelah Kaidin Janell Zamia Ivannah Adonte Addyson Taquez Archelle Nyderah Gilberta Jarold Calea Jacueline Izeiah Alexander Gianelli,noehnlahenzehadaehri,20,15~22
Eversyn Burnese Brieya Sonakshi Keally Aimo Kallysta Zayna Evoleht Lyda Tamila Adaira Anaberta Leauna Demiana,neaiyoaataaaaaa,15,15~22
Antolina Ashleh Kaiyan Bernarr Shamese Maleri Thomasenia Narcisco Jiesha Aaronn Davaeh Jermone Char Ziena Bailynn,ahnreiaoanheran,15,15~22
Nelline Sharidan Yarelyn Kurston Gertis Rhaelyn Alantra Aymeric Camreon Jansyn Yoshi Rashik Asten Romell Demarius Shantai Brittin Laretta Aishat Rechy Nickola,ennnsnacnniknlsinatya,21,15~22
Porshae Chazmin Lameer Keiundra Tangier Baylinn Cennie Hubert Yumika Hima Serene Derico Burness Zuri Aleane Jhordan Atheena Collynn Barbare Cassara,enrarnetaaeosienanea,20,15~22
Sylvian Shariyka Esmeraldo Yanixa Jailia Lessie Marykathryn Park Lety Jersiah Alician Reshaun Larrey Tood Ahylin Trishalana Alaynah,naoaaenkyhnnydnah,17,15~22
Magenta Jazaya Megan Tyhira Roshundra Jp Arlo Jaquise Allijah Elda Ceonna Kayhlani Kennadie Curstin Yahye Emmalynn Chuna Zuleyma Henessy,aanaapoehaaienenaay,19,15~22
Janxiel Serapio Taemin Layliana Fredric Magali Synphony Kadaija Rolondo Loucille Crystelle Markeida Pavan Mcihael Olivar Jaiah Malu Champane Threase Deshanta,lonaciyaoeeanlrhueea,20,15~22
Jolina Annettie Belal Adalei Yaicha Minelly Desales Taasia Aryas Tamika Bosten Tura Seferino Stephanine Georgie,aeliaysasanaoee,15,15~22
Kamaiya Jenique Franchelle Keylie Marliana Edma Nayirah Rosendo Jayelin Keitrick Ardy Jocee Chantle Markuz Greer Taivion Lyannah Nickos Audis Daesyn Briyit,aeeeaahonkyeezrnhssnt,21,15~22
Aaleeya Kama Doristeen Suriana Makamae Kyleigh Tylin Neleah Mateja Qadirah Ashtion Koh Laylanie Hanley Areyah Hemani Hillaree,aanaehnhahnheyhie,17,15~22
Zikeyah Latischa Zecharia Annagrace Burchard Merri Rosiland Muzik Sharilee Annaira Mariell Dawnene Presslee Laurali Williesha Armstead Kieli Agampreet,haaedidkealeeiadit,18,15~22
Jaunita Katrina Shata Elfreida Ralston Covington Atom Neeve Branda Marqies Rolman Anahid Mylesha Merete Darleen Bexlynn,aaaannmeasndaenn,16,15~22
Andras Khyzen Adjua Kairen Edian Drekwon Adelinn Nekesia Keegen Dayion Nyemah Dekker Ruthell Kerly Julita Timothhy Abigayle Branham Jaysun Azahara Apollonia,snannnnannhrlyayemnaa,21,15~22
Chandon Paul Ragav Shulamit Lonnel Sahm Keambria Rodrik Skyli Santino Prisilla Demariya Gebriel Yobana Dilraj,nlvtlmakioaalaj,15,15~22
Xariyah Shetika Javaris Khelani Rula Bethaney Aviyon Kinnley Leidi Willean Howell Eddis Makeba Varad Lamirah Seirra Velarie,hasiaynyinlsadhae,17,15~22
Mecia Dravon Verner Taianna Leotta Valkyrie Vernessa Rishaan Afeef Leeat Torra Marcopolo Akon Faneisha Jahirah Estefania,anraaeanftaonaha,16,15~22
Clytia Tuwanda Ayub Resham Lyn Shanelly Kiaran Jameek Milani Deaire Jaionni Ziqi Davarous Yemisi Ilhaam Simreet Zylus Geordie,aabmnynkieiisimtse,18,15~22
Kahne Jood Marguerete Amiiyah Kassel Aimal Shantinique Aury Samica Chevalier Renji Enchante Alevia Juliya Soe Leiara Eldridge,edehlleyarieaaeae,17,15~22
Lawonda Evangeline Elnorah Jamah Akili Gemise Senait Dayn Maryke Paulinda Jeremey Joaniel Analuisa Yaresi Jerren,aehhietneaylain,15,15~22
Arbrielle Nitza Caralyn Shovonne Virga Chantrell Lorida Jasenya Monterra Burach Suedell Janalynn Nalyn Evar Gaylen Hasinah Kermit Ahnalee,eanealaaahlnnrnhte,18,15~22
Moreen Inan Lluviana Alvis Aliss Onyinyechukwu Jabria Jaydy Geonna Narvell Kainaan Shirla Suset Rondol Nayani Heng Haiely Teriya Emileah Alynne,nnassuayalnatligyahe,20,15~22
Ceria Torriyah Sharyle Imhotep Zanasia Adrius Tareena Ametra Ohlen Suprina Haly Camreigh Jim Facundo Coltin Granvel Cebria Ghala Carles Ebrima,ahepasaanayhmonlaasa,20,15~22
Lantanya Stoney Demeatrius Shawona Linford Amalyn Nyjel Shubha Brayden Edawrd Lydea Dupre Harpergrace Coryana Katrinamarie Ziasia Chassiti,aysadnlandaeeaeai,17,15~22
Toneesha Arthell Anterious Markeil Persayis Sadra Larre Railey Baylei Zacaria Gyles Cassadi Sheriee Gabel Ireen Xzaivier Donyetta Maesen Sharnise Jajuan,alslsaeyiasielnranen,20,15~22
Stacie Arrianne,ee,2,1~8
Shakaya Alvina,aa,2,1~8
Cula Keenyah,ah,2,1~8
Nytasha Gamel Kamiliah Tatijana Ryman Jarratt Decota,alhanta,7,1~8
Quanya Ijanay Nashaly Jawanza Bly,ayyay,5,1~8
Ameliana Yae Lalla Raelah Ratan,aeahn,5,1~8
Jenina Dustion Shanaisha Presciliano Librada Kalven Khyro,anaoano,7,1~8
Lexianna Xzavien Ayric Ricca Tahisa Makynli Danit,ancaait,7,1~8
Thurza Ranay Maryfer Raeanne Atong,ayreg,5,1~8
Qualik Andrell Creedan,kln,3,1~8
Kodie Alexzia Dennia Kevork Shandon Litza Nellann,eaaknan,7,1~8
Vandal Karibe Alarice,lee,3,1~8
Debbye Ferdinand Veva Reilly,eday,4,1~8
Macklyn Margarete Lanea Williford Shreshta Raimondo,neadao,6,1~8
Startasia Nawaz Quadeer Iuma Jenica,azraa,5,1~8
Kemonte Varnum Darick Korby Regie Shreyasi Trenon,emkyein,7,1~8
Vedanshreddy Renai Seojun Dedria Treyton,yinan,5,1~8
Wilho Daijia Robertcharles Leonila,oasa,4,1~8
Sarii Jerrall Sebastin Ansony Shanique Merveille,ilnyee,6,1~8
Kesleigh Zeyana Ephrain Kasady Nusaybah Aniiyah,hanyhh,6,1~8
Rosalyna Wahneta Kasadee,aae,3,1~8
Temari Sophianna Jamilex,iax,3,1~8
Nyarii Yuheng Geancarlo,igo,3,1~8
Meleni Amino Arcangel Annicka Delsie Jacklyn,iolaen,6,1~8
Morell Waldon Brandey Reyleigh,lnyh,4,1~8
Edroy Deericka Riannah Keerah Corderrius,yahhs,5,1~8
Latunja Vanness Malayjah Mattheq,ashq,4,1~8
Baer Brekken Sharnet Marvalee Anttwan Orbie,rntene,6,1~8
Berenis Jayquan Amirykal Nasteho,snlo,4,1~8
Chadwyck Pennelope Aylena Mehmed,kead,4,1~8
Emrah Chirley Venecia Takeidra Fatim Kaidan Ruthanna,hyaamna,7,1~8
Edith Atai Tinker Alexandrew Aleli,hirwi,5,1~8
Lennoxx Darrianna Matheson Edberg Ahlyvia Kaedan Makenzlie,xangane,7,1~8
Anndrea Little Dvonta,aea,3,1~8
Kathay Rilo Sadonia Nasly Kamar Rodriquez,yoayrz,6,1~8
Lashaun Arina Joanann Arla,nana,4,1~8
Tujuana Domineke Zaveon Daijuan Nermin,aennn,5,1~8
Rehanna Jamyron Julisha Carmelia,anaa,4,1~8
Crysal Kendrea Catheryne Zanasia,laea,4,1~8
Kyelar Calaya,ra,2,1~8
Ratchel Genuine Mykyah Dustin Atnhony,lehny,5,1~8
Odyssey Contessa Anjelika,yaa,3,1~8
Odin Christiananthon Keondrae Weslie Telina Lavont Tachina,nneeata,7,1~8
Trais Marri Martwon Lusiana,sina,4,1~8
Jonatan Kaytelynn Jiovani Etsuko Tennessee Rocquel,nnioel,6,1~8
Nyeisha Satonya,aa,2,1~8
Sairy Corday,yy,2,1~8
Khadeidra Sahel Gwyndolin,aln,3,1~8
Christene Judtih Zaivier Momoreoluwa Dalvyn Tenesha,ehrana,6,1~8
Ranny Alera Carlaya Jesley Marylouise Prestine,yaayee,6,1~8
Margrett Mailia Jacynthia Amirali Kenicia Breannon Taiyler,taaianr,7,1~8
Genisis Saarya Zairy,say,3,1~8
Asuna Aneesia Rivy Ujwal,aayl,4,1~8
Shanida Rubicelia Zyree Daiven Rahniya Scholar Saniah,aaenarh,7,1~8
Nelse Staysha Jonquez Zuber Dareus Zene,eazrse,6,1~8
Latracia Vaidik Roddie Nervie Laklynn Emmamae Juvia,akeenea,7,1~8
Darrlyn Layia Cainin Aarolyn Rosarie,nanne,5,1~8
Evelyon Onkar Ateeb Amazin Ruxin Kamaurie,nrbnne,6,1~8
Iasha Tydashia Emerly Kerina Amro,aayao,5,1~8
Mariaclara Maxlyn,an,2,1~8
Kalliopi Velina Lilykate Rivera Teniqua Halie,iaeaae,6,1~8
Nykole Renalda,ea,2,1~8
Shaquinn Ules Sutten Sirjames Selayah Placide,nsnshe,6,1~8
Darrion Karslyn Merriann Dishaun,nnnn,4,1~8
Kardale Waneeta Iysis Shatesha Trayvond Dorretta,easada,6,1~8
Wylden Corrick Mavra Filiz Davarius Daimond Ashen,nkazsdn,7,1~8
Soliana Eziya,aa,2,1~8
Uniqua Cerria Tifffany Jayceion Sharynn Shandy,aaynny,6,1~8
Chastan Yessika Magon Ciani Voneta Ladema,naniaa,6,1~8
Analea Alyxa,aa,2,1~8
Hennie Tsutako Rossetta Romance,eoae,4,1~8
Damarko Barbe Arbrianna Church Ricaria,oeaha,5,1~8
Anmol Kassandr Ryzen Aibel Jissele Heidimarie,lrnlee,6,1~8
Vinnia Yary Ristina,aya,3,1~8
Zaye Shriyan,en,2,1~8
Beonica Hermelindo Duntae Eesah Neela Rondall Mairin Ziyu Adya Huron Josua Izza Decklyn Emerich Larecia Marlando Purdy Jam Meanna Jaydee Grindle Elijahjames Shaleese Allecia Madaleine Annalisa Pender Emyleigh Edice,aoehalnuanaanhaoymaeeseaearhe,29,22~30
Aryzbeth Meradith Zakk Carlota Dorell Ehlana Clayton Sopheak Ileen Army Natsuki Ezperanza Lailonnie Chubbie Tifani Sharrah Aliza Ker Edgerin Ireon Darnley Queene Ebonique Elestine Ilhan Vinda Ghaleb Hridya,hhkalanknyiaeeiharnnyeeenaba,28,22~30
Mckynzie Trezure Joemar Tember Shalexis Tyquell Lillyaunna Shuwanda Lucette Adalya Ayush Galylea Arizbeth Layahni Micai Bernadeen Vertner Montarious Markishia Aagam Ardie Alaxandria Estefani Silva Ensleigh Lyndee Joeliel Khrystian Avanell,eerrslaaeahahiinrsameaiahelnl,29,22~30
Knoxson Edgbert Shilat Krystianna Onnika Ademar Shatera Vikita Jazanae Laquanda Yorel Zedek Jahaan Bader Derekia Jabraun Chazaiah Netta Janai Lakeyia Siena Deundray Zury Avrora Idhika Shounda Buffy Frayah,nttaaraaealknranhaiaayyaaayh,28,22~30
Vernelda Orya Kristyne Jefrey Ardeth Geriann Shantha Kaliha Myauna Nelvia Tysheed Mayalyn Verdean Angia Kjersten Contance Ayotunde Jamon Naviel Shondia Thistle Darri Janmarcos Dakhi Niayla,aaeyhnaaaadnnaneenlaeisia,25,22~30
Mozter Kinden Brennae Parisha Paytin Tigerlilly Suban Trinatee Jibrail Calil Talika Ieuan Rileah Jamelah Callandra Maryama Uzias Averyon Jasiyah Tamio Cendra Lirael Jabriyah Zylani Josiyah Quinte Levenia,rneanynellanhhaasnhoalhihea,27,22~30
Zebra Nikte Khaleesy Piper Ivory Jamesrobert Elei Amla Zitlali Cleofus Conception Melayna Mesina Bret Lynna Dlayah Phill Ena Rozina Pernetta Norma Ivyana Nannette Adalius Lonnita Faraj Gittel Cyrina Jamariana,aeyrytiaisnaatahlaaaaaesajlaa,29,22~30
Leilynd Aalivia Aires Ahliyah Shrika Izzack Kameisha Xavyer Linhchi Dainty Lashundria Leighan Caelus Zeasia Vessie Jing Kenika Tatsuro Jacier Octavion Tramal Asis Niyona Hatsuye Lamor,dashakariyansaegaornlsaer,25,22~30
Sherle Gamalier Jacksin Vyacheslav Hanni Caraline Vinyette Katsumi Olivander Dao Zonda Detric Deadria Jenneffer Conal Smiley Ruston Caileb Lotonya Rayshaun Saunya Charmae,ernvieeiroacarlynbanae,22,22~30
Sheanna Areona Joanthon Aladdin Ketura Domminic Sheniah Chaquilla Konata Leylah Taeven Chadwell Shahiem Valere Anailah Janise Pricsila Cherie Dekon Longin Melisse Abdulhameed Khoury Kimitra Xavion Kaelea,aannachaahnlmeheaennedyana,26,22~30
Zephery Jorda Daniellah Quintella Krupa Rawlin Arba Hasan Deelynn Deora Mccade Ekamjot Missael Juanpedro Caimen Brithney Leihlani Kaon Lynus Lector Agee Devarius,yahaanannaetlonyinsres,22,22~30
Seroba Tieara Tobia Melodyann Allorah Shazil Balie Wilber Romilda Sajani Daekwon Derrell Rahmell Juiliana Yasari Given Leyka Murvel Daonte Crate Claborne Janeka Akhiya Liat,aaanhlerainllainaleeeaat,24,22~30
Yuneicy Taelan Eona Chenequa Wathena Marfa Yanilet Liban Derrin Kiaansh Athara Leaysia Taqee Na Skii Aailiyah Kesean Kymara Naishaun Juna Hallet Tristano Briden Sianni Delontae Drea Valeriano,ynaaaatnnhaaeaihnanatonieao,27,22~30
Imya Minesha Latika Odila Maureen Wisam Renarta Jevan Isely Aniseto Sheene Nyahlee Vanessia Nolah Bocar Nijaya Mirranda Michellee Kernie Jazlynn Sala Ermalee,aaaanmanyoeeahraaeenae,22,22~30
Dominyc Tylashia Karlo Twanetta Cleatus Novalyn Camdynn Kenadee Sharletta Dylin Nala Emia Zalon Fredrik Asana Arsalaan Shabaka Raid Maigon Imyah Nazier Sacoya Aryss Dolories Daeshawn Hazeley,caoasnneanaankanadnhrassny,26,22~30
Tahjay Nimisha Latesha Safwaan Triniyah Lenona Kopper Matthewdavid Josiel Matsuko Rosebud Bethzabel Hooria Tykiana Snithika Gurbani Cordelra Elienai Salmaan Ashleynicole Rheana Peggyjo Tmothy Lougenia Shazeb Asier Marysusan Holmes Genisse,yaanhardlodlaaaiaineaoyabrnse,29,22~30
Brandonkyle Senovia Yanae Tyun Lucile Ashlynn Adalinna Tahmid Natasia Ranon Deklin Novena Vasilike Zaila Kaiden Ryllie Elfego Branden Augustyn Ammiel Breshawn Chioma Aarian Heavin Lemari Jovy,eaenenadannaeaneonnlnanniy,26,22~30
Calisse Itzelt Tupou Alonna Jezabell Tajanae Lamecca Cyrina Samadi Mufasa Reece Krysha Peyson Sheilla Rithvika Shahin Teressia Detwan Keilana Jhania Abdirizak Darshaun Mudassir Hermosa Sumaiya Ellowynn Latoyna Kiyona,etualeaaiaeanaananaaknraanaa,28,22~30
Norra Cedria Dock Rashawna Teneika Lyly Ludora Vito Ginny Marinus Chinh Abery Tahjmir Ileyah Nyia Nanci Priscille Mahrus Eiliana Breiden Maigen Machiya Neon Roxana Latacia Zyriyah Roniesha Tawiana,aakaayaoyshyrhaiesannanaahaa,28,22~30
Shelia Shayni Kyreon Tenecia Preet Ashelle Catalina Therone Anesia Xiclaly Almeada David Oriyah Lihanna Iymona Ronisha Sherod Emiliya Lamarc Kandise Chalese Marlyn Amra Laterrica,ainateaeayadhaaadaceenaa,24,22~30
Haakim Shimmy Hawken Murphey Rydar Merleen Yuvraj Ama Mancy Dessiree Casiah Maclin Jonibek Webb Jagen Clairice Arpita Jouri Stormie Avaah Yewell Qualiek Kiyomii,mynyrnjayehnkbneaiehlki,23,22~30
Blakney Kiswa Erilyn Shakeil Kieralyn Lunette Raimon Thayden Ronniya Francesa Meilah Fynnley Jonnesha Nagely Jozzlynn Jayliany Reila Damiani Jermiah Chiriga Cailani Rayzel,yanlnennaahyaynyaihail,22,22~30
Hughston Jahiro Mais Early Celestial Jahlon Alheli Tieg Feliciana Joyceline Shirl Deniel Allson Latanyia Yeleni Delcie Baley Jarvin Lowery Hulet Marijane Laesha,nosylnigaellnaieynytea,22,22~30
Olani Weston Kryslin Jericca Kymberly Maaz Mavra Mykena Maximas Shamariona Anaria Eaton Amandarae Olufemi Errett Daegen Chaquan Enneth Pauleth Oliverjames Rhys Fairley,innayzaasaaneitnnhhssy,22,22~30
Jaik Imperial Jeopardy Siti Kendylle Bessy Jahkari Ronnette Trevail Deysy Mariae Ahnyx Bulmaro Shakila Keyshun Falak Kyvan Latanja Jahvonte Jazlene Ingred Khiro Sanjuanita Aydah Bexlie Kathlin,klyieyielyexoanknaeedoahen,26,22~30
Kamarre Shiryl Mikeal Rayvan Johnnessa Sitka Mako Korry Xakai Manyla Noreli Aiylah Derwood Bodhan Deniro Rackwon Brandson Daciana Armster Zionah Alexina Timarie Ednah Kaylene Dagen Prinz Latroyia Nalayah Guyanne,ellnaaoyiaihdnonnarhaehenzahe,29,22~30
Rayli Avey Ronneka Stoni Samera Larnelle Emony Jhanelle Amando Oshae Sherona Natsuyo Passionae Ayoub Noralyn Santerria Mylek Ved Elowise Anwan Monna Buffie Darthea Isaiyah Karras Jacarra Evannie Allena,iyaiaeyeoeaoebnakdenaeahsaea,28,22~30
Jacab Germany Paisely Daxxon Ashwika Yaliah Shivani Jaguar Leighanna Jaymz Bayli Mazin Lara Monetta Gracia Johnelle Kedar Dantoni Jumanne Rupert Jenay Loriah Reniyah Keeyon Ashot Marchie Kyriaki,byynahirazinaaaerietyhhntei,27,22~30
Keena Lawanika Athiran Cervantes Magizhini Shahnawaz Della Oaklie Chadyeane Kathleene Jeneene Flavel Daryel Vishrudh Nautia Climmie Niloufar Akeeyla Karelys Reby Sanskar Naaz Deresa Salama Kika,aansizaeeeellhaerasyrzaaa,25,22~30
Joelouis Velisha Keimani Javarron Valentia Naija Milay Llaneli Lucious Makhayla Kamai Rychelle Mandelyn Margurette Lebern Raqeeb Olusegun Jahriel Trafton Jozef Glori Jasire Dame Rojelio Ad,sainaayisaienenbnlnfieeod,25,22~30
Addelyne Yakima Areanna Trendarius Price Aldena Jaja Kenisha Syana Duece Deepika Eshita Zophie Dontea Eddythe Shivaya Nolene Tayden Khadiza Laterrica Nishanth Elward,eaaseaaaaeaaeaeaenaahd,22,22~30
Cuba Kein Seyla Nikeya Jazmia Dusti Sakeef Dorese Ravonda Chantrelle Khiryn Shakel Isao Jimique Callandra Arvilla Damarlo Connall Meadow Matai Jakeia Evdokia Blimy Laurette Fionna Jheremy,anaaaifeaenloeaaolwiaayeay,26,22~30
Inanna Lettia Navey Taina Dalialah Richael Kolter Johnita Aveer Chevelle Tra Akita Dorvin Jhada Derwood Huey Yeiren Theonita Mariyam Zhoey Zarnish Jakarious,aayahlrareaanadynamyhs,22,22~30
Giuliano Ovid Marillany Kendrae Paula Midge Shyia Fitzwilliam Janiecia Tearza Baize Adilson Tyller Kasmer Lastarr Alexendria Kailina Jahsire Madellyn Delma Brittni Aikeem Zykia Efstathia Mareike Kevone,odyeaeamaaenrrraaenaimaaee,26,22~30
Tinina Maewyn Dalmar Hanief Emeria Jing Jeramiha Ahnyla Kalayshia Tilia Willease Ronnel Kaymi Ellin Mikolaj Ottice Alvin Gemini Yaslene Zakeriah Havick Jaqua Angellique Adryan,anrfagaaaaelinjeniehkaen,24,22~30
Penne Celynn Jevita Lakiea Ketih Graceanne Deantre Lidea Kailiana Dominigue John Esmea Brekka Jesselee Syrius Armelinda Chrysteen Raedawn Layza Alwilda Anayanci Niyathi Judge Sendi Emmery Tamron Lyndyn Demeria,enaaheeaaenaaesannaaiieiynna,28,22~30
Tarynn Jhenifer Haygan Yostin Jalean Rosalyne Berdena Volf Breanda Jasun Maesie Zenani Myrtte Breccan Ramone Fumiyo Lidija Eilen Jaela Mayliana Jini Cartney Harjas Ikuko Atri Dacoda Jakolbe Leise,nrnnneafaneieneoanaaiysoiaee,28,22~30
Catrin Vyanna Shiryl Gania Laterian Subhi Danicah Nelle Mirth Wylodene Sirey Jennefer Rhanda Meia Angellee Ryma Oasis Delancy Tyania Courtez Jiraiyah Kaii Aryton Alaeyah Braylah Christene Takelia Eshana Evangelique,nalaniheheyraaeasyazhinhheaae,29,22~30
Zyaun Brees Treron Carlynn Helene Hazleigh Hella Vainavi Laquavious Caetlyn Teag Wailynn Corvina Coddy Sharrona Armontae Mishaal Docia Dekan Daleyzza Johnny Tyniyah Mikiala Damica,nsnnehaisngnayaelanayhaa,24,22~30
Khora Anabeatriz Azyiah Cleonte Tootie Imraan Jaland Ladia Trejean Lyrissa Cecile Maecyn Syles Yochanan Arinzechukwu Ancy Damaso Alexyss Zanovia Tekela Kathee Eupha Cosmin,azheendanaensnuyosaaean,23,22~30
Kaytlen Dashyia Hutton Akeela Dayzah Ryatt Deavionne Arken Shanet Abdilahi Arnet Daci Natalie Katiana Aarib Roniah Azaiya Reshawn Elliyanna Jazleene Sayori Nevada Constancio Jannelle Hence Shander,nanahtentitieabhanaeiaoeer,26,22~30
Hurain Zeshaun Yoselin Ademar Ariyunna Evelyn Ceri Barker Treniti Pricila Danico Aldolfo Theran Dotsie Derrion Jiesha Shamara Abram Dhevan Jelessa Apsara Aleida Sheniah Saturnina Khairy Kiani Veshawn Cyron Rhyanna,nnnraniriaoonenaamnaaahayinna,29,22~30
Jonisha Randolph Jadali Hade Amilliana Matheo Nichlaus Demarri Shyiem Camiesha Trystin Wyconda Yanesha Illiyeen Latrayvion Garrad Rayneshia Claudio Raeya Keyrra Akida Olden Tammey Brynnli Delilah Liander Kimmora Rhyleigh,ahieaosimanaanndaoaaanyihrah,28,22~30
Bernella Deautre Marillyn Keylea Mkaila Luida Synceir Ahlai Shabrika Nhya Makua Suri Garreth Kyree Daquanda Timeca Arykah Jasmaine Santosha Vontae Worth Fionna Ewaoluwa Cadedra Rustin Recie Vaniyah,aenaaariaaaiheaaheaehaaaneh,27,22~30
Safreen No Janovia Eivin Georges Shawntez Briarrose Janalle Skylene Kaulder Donnesha Shakinah Masud Chevella Eliut Berge Aamyah Jaryd Nabilah Zenaiya Ingo Taizlee Taneille Josepablo,noanszeeerahdatehdhaoeeo,24,22~30
Aquira Cambi Kashyra Jolynda Louisia Lamarie Milanii Zadiel Rheece Sonakshi Cambre Thyrome Sewilla Dainian Elenore Ulani Kajol Cromwell Nastasja Lovera Mykola Kaydrien Brodyn Olivander Bismark Gifti Khamille,aiaaaeileieeaneillaaannrkie,27,22~30
Tyrale Rowan Tyleyah Shelbra Darleena Rubicela Xylus Anghel Pahal Pieper Shenicka Aleksia Amaury Marteka Ketcher Euriah Koba Zalet Beasley Ramiele Malikiah Majai,enhaaasllraayarhatyehi,22,22~30
Avyannah Zoelie Anania Jauwana Autume Zephania Mahoghany Lloydene Kishauna Windy Raymiah Kalice Shankeria Loryn Lateshia Niomie Desmariah Donail Jahaziel Gwyne Tavonya Silja Khaliek,heaaeayeayheanaehlleaak,23,22~30
Tarlaysia Winson Buraq Musie Felix Lelanie Misbah Edilberto Lainey Hikari Delilia Enesa Katavion Takita Chaneta Cellestine Rashaad Mussie Kini Tylen Sharline Zariona Raphael Izzack Jamaia,anqexehoyiaanaaedeinealka,25,22~30
Jaelianna Bralin Roselia Shemeeka Jaritza Abdias Awais Efstratios Dunya Deyner Davontay Dacarii Manley Tavien Klarysa Dishaun Shyane Keshunna Gilroy Marquitia Latavea Jaline Farhiya Keo Keiralyn Fola,anaaasssaryiynaneayaaeaona,26,22~30
Elier Glennon Julissa Traivon Zahin Bellalynn Naneka Rajko Dainara Willer Tornell Lavelda Shakila Brissa Dynesty Adwit Robbin Reven Haania Maquela Shaheen Aigner Flossy Angela,rnannnaoarlaaaytnnaanrya,24,22~30
Darinda Danka Shabsi Seanda Micai Jimmylee Penni Brinesha Jovian Tei Terykah Gunther Caelainn Crawley Addysn Vertice Tempesst Serenaty Charlonda Mazee Bearen Mayolo Pricie Norelle Ino Khyrah Schon Antwanette,aaiaieianihrnynetyaenoeeohne,28,22~30
Idellar Aylena Teguila Tajinae Audie Precise Lyiah Luisdiego Toyana Mareli Avynlee Arec Railen Latash Jartavious Kayleana Yazil Orr Lonny Tanyanika Cameon Kymir,raaeeehoaiecnhsalryanr,22,22~30
Machella Ahadu Yolenda Anik Jaydriel Daquinn Vonice Marcele Kholette Saxon Enjamin Liona Vonne Wuilmer Remmy Clark Takarah Tarria Kenndi Saarya Johnthon Ajai Yehudah,auaklneeennaerykhaianih,23,22~30
Jiron Kheelan Dub Ratzy Damarii Yutzil Samsam Lamoyne Mikalynn Dakayla Vaimoana Silvina Miiking Sabha Elaph Osa Ulmer Telethia Fauzia Jagroop Jahdir Rahsheen Taiana Temi Eziyah Britiany Malaysa,nnbyilmenaaagaharaaprnaihya,27,22~30
Mikaeel Zierre Reinaliz Rosamarie Soffie Kiosha Achraf Taranique Cortnee Evelett Emmerick Imunique Ghais Merna Sanvitha Margretta Jakorian Tashima Aleacia Javina Makston Paricia Dayshawna,lezeeafeetkesaaanaaanaa,23,22~30
Ashawn Shavonda Tashenna Karthikeya Kevelyn Jessten Sya Tannisha Olena Jakora Chelea Zacharian Nykeemah Branham Miner Eriqa Alaze Yoko Lurton Larrey Cooper Lolo Dheeran Sarahlyn,naaannaaaaanhmraeonyronn,24,22~30
Colette Harcourt Nonia Shameen Margean Yarisleidy Nefeli Colgan Swendy Jocelle Dowl Rilo Frisco Lorayn Imaan Shreenidhi Taheera Cedricka Camen Johsua Jiyanna Emilynn Brensen Takhia Jerre Rozelle,etannyinyeloonniaanaannaee,26,22~30
Gertie Javonti Arqam Anajia Narvel Shakib Shateema Evelene Zhoey Breigha Trager Somaiya Nariyah Ellajane Ranni Opalee Lethe Juanmiguel Junia Marlesa Ailuani Kaydon,eimalbaeyaraheieelaain,22,22~30
Anha Galo Zyen Adabella Laurnea Trelyn Maybri Naquan Vrishank Aki Jeneanne Roa Bakir Jacquilynn Chariyah Eolia Cerrissa Leahni Nolin Marx Kaelub Orlandria Brydan Suparna,aonaaninkiearnhaainxbana,24,22~30
Shawen Hartzell Jamesdavid Kene Linly Jeanphilippe Marlett Gethsemane Alon Aleyha Edwardine Santavia Sanat Harleequinn Ima Skarleth Shreehan Vaishnavi Dorina Mykira Tarolyn Dcarlos Tallie Catena Janniel,nldeyetenaeatnahniaanseal,25,22~30
Aniki Ariyani Luther Torien Zeza Sirjames Sonaya Xabriel Kurtiss Sarem Tawana Alaijha Elliena Dilver Arney Mareesha Tamzen Sabiya Keyunna Aerolynn Dimitrius Kalana Tenneil Kenadee Satara Lucie Kemberley Ternisha Rember,iirnasalsmaaaryanaansaleaeyar,29,22~30
Latrail Krisy Marivic Evalinda Natarshia Rennen Clio Dannalyn Cesarina Tahmya Olyve Amaryllis Cathy Uarda Shanara Maryette Zeana Naylee Vale Gerlad Shikha Yayoi Naruto Annikah Bohannon,lycaanonaaesyaaeaeedaiohn,25,22~30
Javair Ladontay Gerika Maitte Karlisha Abdulbasit Kejon Yzabella Richie Emah Caree Olajuwon Terrio Zadia Baxton Avagrace Nashanda Gabriellah Aiona Guilian Ivet Musetta Izyaan Jakaylah Sanny Yanita,ryaeatnaehenoaneahantanhya,26,22~30
Shalandria Kaye Sheira Miluna Tanaiya Anjelo Aryas Khasen Marayna Tsubaki Snowy Ravien Mibella Sylester Jozephine Shiela Iriyana Tyvell Three Zorie Marhta Angelicamaria Tahlee Luay Jadel Semajay Odynn Muriah Cheval,aeaaaosnaiynareaaleeaaeylynhl,29,22~30
Jynx Adalynnrose Veletta Jalesa Jhael Carroll Amneet Tyrus Gralyn Mavryk Diandra Ahmand Frannie Lealan Aeon Graisyn Dameyon Verlana Bryden Sya Jazmon Dorethia Safiyo Jalai Cervando Jersiah Ladora Raynetta,xeaalltsnkadennnnananaoiohaa,28,22~30
Leeila Jalita Madisyn Nicson Carman Labrandon Markeita Triscia Dalian Lovelace Jazyiah Edrey Kathryn Vaibhav Leoanthony Lillienne Glenwood Alayjia Zillion Watisha Ermias Demarkio Hilarie Lorrinda Artez,aannnnaanehynvyedanasoeaz,25,22~30
Allisha Fatu Sylvestre Dajaha Storee Mearlene Kiawana Alphy Belvie Labaron Kharii Keema Esaie Chezaray Elcy Daleila Biff Kibbie Shirleen Quinci Hamzeh Meribah Mehrimah Aleesha Kerri Bulma,aueaeeayeniaeyyafenihhhaia,26,22~30
Leonnie Caira Mareya Aleese Avona Anori Camile Mesziah Shamaiah Ramiah Alae Vernadine Villanelle Devarion Holbrook Avea Tinsley Kelcey Keahilani Letrese Iyiana Artist Jensin Elaahi Dandrea,eaaeaiehhheeenkayyieatnia,25,22~30
Kalajah Joneer Kadenn Rowyn Bevan Jiuliana Dharti Areeb Daire Ednamay Thara Diedrich Lamesha Manzi Yolaine Vondella Francyne Salaheddine Tex Adnaan Fey Leticha Taylur Leverta,hrnnnaibeyahaieaeexnyara,24,22~30
Chena Aaniylah Abdulahad Kemery Jenelee Dariany Emanie Keyori Dazani Bertran Tiessa Axyl Tiaundra Savhannah Eberhard Atlanna Westlynn Lancelot Emier Jodey Aubrin Aleksey Casidhe Roanan Quaron Abdulwali Illa,ahdyeyeiinalahdantrynyennia,27,22~30
Doninic Orian Tranika Jwana Takemia Kately Bankston Mayra Scharlotte Aleighana Ellys Kendrae Rudelle Armondo Khadidja Aislinn Alaylah Tulsi Jeannelle Olbin Saylem Jennika,cnaaaynaeaseeoanhienma,22,22~30
Randilynn Abhimanyu Phylica Keili Boubacar Briazia Miayah Rue Markkevin Askari Ludwik Delesa Macynn Christer Arnetria Anariyah Eloy Raeed Reinaldo Masatoshi Tekila Xhavier Natyia Lien Najelly,nuairahenikanrahydoiarany,25,22~30
Ryoma Dafny Verly Skylyr Salvadora Ledarrius Tilla Keeler Taquil Tyshelle Zorka Aage Ayedan Imagean Benyam Vahagn Taym Damiana Argene Aribah Fray Bern Arisai Reili,ayyrasarleaennmnmaehynii,24,22~30
Kacen Vernica Emilliana Ladeane Emylie Donna Bryanne Yessina Livanna Sirus Aelisa Ezavier Keyanah Athlyn Rachale Hartly Shabaz Kristoff Donnika Purnell Bucklee Alvah Zackeria Zida Derelys Caylem Genine,naaeeaeaasarhneyzfalehaasme,27,22~30
Murphee Renita Rohen Sybrena Twynette Anne Chinetta Trenady,eanaeeay,8,8~15
Darthy Nalyn Bettye Buleah Hatch Klariza Larsson Kelce,ynehhane,8,8~15
Hollen Sigrid Tharan Antonise Sadielynn Khalei Manu Inioluwa Gifti Niveya Gieselle,ndneniuaiae,11,8~15
Ame Adryann Veneita Dechlan Aizleigh Laylynn Gidgett Jill Marjeanne Lukeanthony Avajames,enanhntleys,11,8~15
Myriah Hutchison Elyan Handerson Cloma Smitha Creosha Ran,hnnnaaan,8,8~15
Shielah Shervonda Ilysa Kynd Nocona Jerremy Shaylie Jaeon,haadayen,8,8~15
Shaquarius Burgin Bisma Aslan Alanna Lequan Taalor Antino Deanza,snananroa,9,8~15
Katresa Zaafir Frederique Temetria Laiyanna Quent Turiya Ziyaad Parneet Tarie Labresha Anudeep,areaatadteap,12,8~15
Muireann Koua Morna Brighley Liliuokalani Kender Cyrille Reaner Nisan Marick Jd Melaney Francis Maclovio,naayirernkdyso,14,8~15
Lee Zakylah Damonee Annabela Mitze Alessia Haruki Nikkii Kamaira Laiana Joshelin Azury Josohn,eheaeaiiaanyn,13,8~15
Jesia Beata Lateesha Delonta Lemarcus Imarah Domynique Rosebelle Carise,aaaasheee,9,8~15
Aeri Anetria Gertrud Mccain Jair Warrior Donel Adaysia Mayalynn Sheaira Blandon Khawaja Malley Aanaya,iadnrrlananaya,14,8~15
Drevonn Ameriya Khalimah Mariafernanda Clairmont Starla Tamekka Udham Linn Kaceyn Lanier,nahataamnnr,11,8~15
Jonilee Lorette Linza Breshia Halden Aashrita Xanti Canio Meklit Tahjay Nathenial Leonie Lakaya Malise,eeaanaiotyleae,14,8~15
Pashen Lady Shantil Chanavia Justilia Saivion Marianella Sherrice Erhard Mayven,nylaanaedn,10,8~15
Almous Sheritha Kamberly Jadakiss Jalend Christin Neva Deaijah Khamari Rebbie Saviel Mariliz Trinitty,saysdnahielzy,13,8~15
Francenia Destiny Jaquisha Oralene Yohannes Azairah Vyktoria Athieng Jerhonda Lusiano Shabrie Mahasin,ayaeshagaoen,12,8~15
Evely Valesia Ricca Margel Aisja Rudyard Vitus Montie Quatia Tykiera Klea Simms Mercedeez Denym,yaaladseaaaszm,14,8~15
Lawarnce Caly Migelangel Shayn Island Johnella Efosa Starlie Nicohle Kayonni Neisha Amair Cchristopher,eylndaaeeiarr,13,8~15
Edgbert Deziyah Zaniyha Hinton Magaly Alahn Lundy Abhaya Kashara Deshelia,thanynyaaa,10,8~15
Laiba Shantela Nikata Annarosa Rylei Burlyn Coady Danyeal Ashauntae,aaaainyle,9,8~15
Kava Carnella Livienne Dvante Jaqueta Juanell Lanessa Lataija Stellamae Avanish Kymere Jamesedward,aaeealaaehed,12,8~15
Crystle Sheradyn Lazhane Meli Prosperity Coedy Zantasia Zachari Snya Kinlie Cedrina Arnardo Corrin,eneiyyaiaeaon,13,8~15
Starleen Yeilany Marucs Andrieka Atticus Shateek Jontaye Ramatu Gisely,nysaskeuy,9,8~15
Vanshika Zaelie Jalaa Pamila Teilynn Taimane Jialin Calven Safiatou,aeaanennu,9,8~15
Tikesha Azula Nadyne Dyvonne Reice Hajin Hisako Jaleon Byonce Talyiah,aaeeenoneh,10,8~15
Gurbaj Gionna Terita Latrail Shinea Letosha Coden Laylianna Nyria Caridad Madajah Lekeysha,jaalaanaadha,12,8~15
Reston Breiana Montserrad Calasia Bracha Lucette Sif Keishara,nadaaefa,8,8~15
Gertrudes Renauld Nalini Jennevy Nickolie Cad Shnita Rontavis Christer Laine Geneen,sdiyedasren,11,8~15
Rosaliz Loueva Courney Graelynn Swayzee Kashlyn Pyper Natalyia Tonette,zaynenrae,9,8~15
Mehki Lorance Everlygrace Jalna Evanyelin Karmine Alylah Travel Sharmarke Laurance Wilroy Yaressi,ieeanehleeyi,12,8~15
Tkia Priseis Marsel Sarahjo Daileny Zackeriah Dessence Tamarik Jaquin Alula Dianaliz,asloyheknaz,11,8~15
Adonna Yashwin Myrle Nicle Braesen Draycen Keishun Allonah Bernt Jasonlee Derina Karynne Mcneva,aneennnhteaea,13,8~15
Kamina Karun Greylen Sare Kolby Danual Carlyn Amayalynn Shelbyjean,anneylnnn,9,8~15
Kiamber Pierre Lenash Albion Donnamae Deondrae Isabela Tyquil Philena Flavian Sacario,rehneealano,11,8~15
Abhijay Sametria Jeenifer Payshance Olyvea Burke Ingolf Cherisa,yareaefa,8,8~15
Eliara Juila Raymah Koryn Allani Chandi Calisse Lolita Skylei Brityn Aleister,aahniieainr,11,8~15
Jocie Jadereon Nachaly Mohammadomar Evonne Rubyjean Dreyson Hananiah Hazyn Bielka Analie Ismel Larre Kamilia,enyrennhnaelea,14,8~15
Sierramarie Tremayne Tyhessia Brandall Britaney Kalila Antonay Parina Konny Lailanni,eealyayayi,10,8~15
Emmanul Laziah Ritter Aariz Eldoris Karlynn Raafay Bahr Tonica,lhrzsnyra,9,8~15
Lataria Anshel Alexnader Donmonique Marayna Breylee Trasa Karie,alreaeae,8,8~15
Zeldy Marcellus Shawntal Dakori Kinsie Damante Zoribel Zi,yslieeli,8,8~15
Bita Zoemarie Jorell Keaten Atzel Shavontae Tiawanda Keylah Navar Marlet Renina Delya Mariapaula Skyelar,aelnleahrtaaar,14,8~15
Kourtnei Marlay Kaarina Kaislee Cirra Elixander Siar Napua Juanjose Rabiya Zaharia,iyaearraeaa,11,8~15
Jenniyah Xinyi Clodie Naul Talmer Irmani Jye Jamair Elesia,hielriera,9,8~15
Flor Yom Kaimarie Jonier Aamoni Alaynah Oldair Luchana Suanna Cylinda,rmerihraaa,10,8~15
Anwar Kaylynn Johnthon Jaysa Xyla Reylin Elleni Rashod,rnnaanid,8,8~15
Lalicia Mariade Johnas Marypatricia Cherylan Cliff Madigan Klutch Jaecyon Charaine Demaurea Dasaan Mckensy,aesanfnhneany,13,8~15
Jevon Erandy Zayiah Ishaana Amaud Yoaly Liang Brintney Aareon Wilfredo Saanjh Chaille Lav Kathlee,nyhadygynoheve,14,8~15
Hephzibah Shymir Atira Oluwafolajimi Edla Salud Erny Novea Adelyse Ebonnie Marquia Nacirema Jazmarie,hraiadyaeeaae,13,8~15
Rosebelle Codell Bexlee Arloween Chalyce Afia Rejon Amaury Connal,eleneanyl,9,8~15
Lantanya Kyliana Rishaan Shahraan Zaraan Makiy Jetsen Jermeisha Lowanda Esker Liona,aannnynaara,11,8~15
Rashand Dezzie Desirre Rhylea Eshter Teresaann Sophiya Dakson Jessicalee Hevin,deearnanen,10,8~15
Kaylamae Tuuli Shundrika Katharin Zyhaire Federico Jamerian Theary Naydene Midoriya Toneshia,eianeonyeaa,11,8~15
Shakell Kyriel Kemberley Willard Jaydein Tiadra Luisalejandro Shreeda Saha Ledawn Srivatsan Sebrena Elantra Vilinda,llydnaoaannaaa,14,8~15
Amariah Sherryll Travonna Riniya Arys Alfredia Lohan Liseli Nelin Brunella Lizet Mikeyah Deshun,hlaasaninathn,13,8~15
Lurena Anthonio Yusrah Tes Hinata Jaxxton Mamediarra Keveon Lateef Rwby Kalena Shardai Fowler,aohsananfyair,13,8~15
Nieja Amathyst Julana Raycer Marguerita Konny Hermino Jaysea Channie Braheem Damyon Lantanya Safiatou,atarayoaemnau,13,8~15
Guilherme Aisleen Daveonte Ramo Amaryana Attiyya Vertie Dayzia Shavana,eneoaaeaa,9,8~15
Sharanya Skiilar Aavani Leanza Caresa Zyelle Pearlann Orphus,ariaaens,8,8~15
Kerea Serigo Teara Deaundray Leno Kazzandra Wakisha Aadrik Tomea Calle Coreena Lejeune Eleazar,aoayoaakaeaer,13,8~15
Mclain Chayah Tamariah Raymona Miha Tamare Darius Linay Tyonnah Emanii,nhhaaesyhi,10,8~15
Deetra Tawn Ruthetta Leahanna Kemaury Lavernon Atthew Tanairy Jankarlo Marjarie Anjely Gwindolyn Kalifah Marytheresa,anaaynwyoeynha,14,8~15
Amyia Natayja Garlund Zala Manav Cheltzie Sirica Zamaree Jhakari,aadaveaei,9,8~15
Enette Jarrison Remone Mirari Xaviar Calvester Chylee Tilmer Alabama,eneirrera,9,8~15
Zahira Nayaly Porcsha Moria Harly Marquessa Lorelyn Novel Juany Sabriyyah Annaly Fielder Marlow,ayaayanlyhyrw,13,8~15
Dakotajames Amela Shanisha Nasrudin Eilon Takeyla Haskell Aajon Lorann Leeoma Aylynn Ilet Darlow Redick,saannalnnantwk,14,8~15
Brenaya Natellie Wamon Ajitesh Christyonna Omran Amandaleigh Ahmaud Marqueen Hazzel Deterrion Javori Orli Robney,aenhanhdnlniiy,14,8~15
Rhyis Nakiea Wilfreda Ahniyla Jeremiya Reimundo Zachaery Balenci Eiliyah Abell Aubri,saaaaoyihli,11,8~15
Vaniyah Ardina Kaliyah Xaidyn Chasie Yaakov Valgene Monsserrat Shawntal Shevell Toshua Jazabell Jennifere Chrislynn,hahnevetllalen,14,8~15
Aashay Tamanna Marquida Marcellia Dwayn Geneta Jorgina Vitula,yaaanaaa,8,8~15
Clive Eisha Snithik Dominador Davant Cecylia Cavan Marialice Ludia Nygeria Yulizza Mokshagna Murphee Elyzah,eakrtaneaaaaeh,14,8~15
Obeda Aadhvik Laquavia Lorretta Niyomi Elijahwon Triss Analeece Tahmia Albertia Darinda Yurico,akaainseaaao,12,8~15
Marcelina Sisa Henryka Brixxton Richlyn Mayher Zakaiya Redonda Schelley Tomma Annalyss,aaannraayas,11,8~15
Khamia Danyl Daneyah Yulian Benette Khiran Cleveland Elinah Doylene Castor Lenus Hensleigh Keauri Jziah,alhnendhershih,14,8~15
