input,output,len_sequence,bins
U U I E O O I I U A I I U E I U A A A A,"UU,UI,IE,EO,OO,OI,II,IU,UA,AI,II,IU,UE,EI,IU,UA,AA,AA,AA",20,1~23
E E E O E U U U,"EE,EE,EO,OE,EU,UU,UU",8,1~23
U I E I E E A U O I U A O I O O E E,"UI,IE,EI,IE,EE,EA,AU,UO,OI,IU,UA,AO,OI,IO,OO,OE,EE",18,1~23
I U U I E A O U I A E E I O U,"IU,UU,UI,IE,EA,AO,OU,UI,IA,AE,EE,EI,IO,OU",15,1~23
E U I E E E O E E A A I A,"EU,UI,IE,EE,EE,EO,OE,EE,EA,AA,AI,IA",13,1~23
U O A A E A I E O I A E A,"UO,OA,AA,AE,EA,AI,IE,EO,OI,IA,AE,EA",13,1~23
A U O A I O U I U A E E A E E I U I A A,"AU,UO,OA,AI,IO,OU,UI,IU,UA,AE,EE,EA,AE,EE,EI,IU,UI,IA,AA",20,1~23
A E I I,"AE,EI,II",4,1~23
O E E A O I U U I O E A A U,"OE,EE,EA,AO,OI,IU,UU,UI,IO,OE,EA,AA,AU",14,1~23
E A I E A,"EA,AI,IE,EA",5,1~23
A U I E U I U O U I U U E A A O A U,"AU,UI,IE,EU,UI,IU,UO,OU,UI,IU,UU,UE,EA,AA,AO,OA,AU",18,1~23
E A I A A U A U O O E I A U I I O I I A O,"EA,AI,IA,AA,AU,UA,AU,UO,OO,OE,EI,IA,AU,UI,II,IO,OI,II,IA,AO",21,1~23
A I A E I E A I O O O O U,"AI,IA,AE,EI,IE,EA,AI,IO,OO,OO,OO,OU",13,1~23
O E E I U A,"OE,EE,EI,IU,UA",6,1~23
I E I U I O U E O I A E I I U I I O,"IE,EI,IU,UI,IO,OU,UE,EO,OI,IA,AE,EI,II,IU,UI,II,IO",18,1~23
E U A O I O,"EU,UA,AO,OI,IO",6,1~23
O E I I U A O O A I U I,"OE,EI,II,IU,UA,AO,OO,OA,AI,IU,UI",12,1~23
A O E E I U A U A I A E O U U O U,"AO,OE,EE,EI,IU,UA,AU,UA,AI,IA,AE,EO,OU,UU,UO,OU",17,1~23
E A E O O I I U U U E E E O,"EA,AE,EO,OO,OI,II,IU,UU,UU,UE,EE,EE,EO",14,1~23
I A U U I O I,"IA,AU,UU,UI,IO,OI",7,1~23
U A U I U,"UA,AU,UI,IU",5,1~23
E O A E I I O E U A A U O A E O U A O I A,"EO,OA,AE,EI,II,IO,OE,EU,UA,AA,AU,UO,OA,AE,EO,OU,UA,AO,OI,IA",21,1~23
A U I O U I I E U A I U U A E U I U O U O,"AU,UI,IO,OU,UI,II,IE,EU,UA,AI,IU,UU,UA,AE,EU,UI,IU,UO,OU,UO",21,1~23
I E U,"IE,EU",3,1~23
A E U A O I I O U E E,"AE,EU,UA,AO,OI,II,IO,OU,UE,EE",11,1~23
A O U I E,"AO,OU,UI,IE",5,1~23
U A E U U I O E A U O O O I A E U,"UA,AE,EU,UU,UI,IO,OE,EA,AU,UO,OO,OO,OI,IA,AE,EU",17,1~23
A U E O I E E U E A A U A E A U E A,"AU,UE,EO,OI,IE,EE,EU,UE,EA,AA,AU,UA,AE,EA,AU,UE,EA",18,1~23
I I I I O O O A E U A A U,"II,II,II,IO,OO,OO,OA,AE,EU,UA,AA,AU",13,1~23
U I U A I A O O,"UI,IU,UA,AI,IA,AO,OO",8,1~23
U A I U U U O O A I U A U U E,"UA,AI,IU,UU,UU,UO,OO,OA,AI,IU,UA,AU,UU,UE",15,1~23
O A I A A A,"OA,AI,IA,AA,AA",6,1~23
U I A E O U E A U U O E I I A A U I,"UI,IA,AE,EO,OU,UE,EA,AU,UU,UO,OE,EI,II,IA,AA,AU,UI",18,1~23
O I A O I I A A E E A O E U,"OI,IA,AO,OI,II,IA,AA,AE,EE,EA,AO,OE,EU",14,1~23
U A U A O O U U A O U A U E E,"UA,AU,UA,AO,OO,OU,UU,UA,AO,OU,UA,AU,UE,EE",15,1~23
I U O I A A O O A A O U U O,"IU,UO,OI,IA,AA,AO,OO,OA,AA,AO,OU,UU,UO",14,1~23
O O E I E O E O I U U I A E,"OO,OE,EI,IE,EO,OE,EO,OI,IU,UU,UI,IA,AE",14,1~23
I E U E A U U U I O A U U E U E,"IE,EU,UE,EA,AU,UU,UU,UI,IO,OA,AU,UU,UE,EU,UE",16,1~23
E O U O A A U I U U I,"EO,OU,UO,OA,AA,AU,UI,IU,UU,UI",11,1~23
U A E O A U A E,"UA,AE,EO,OA,AU,UA,AE",8,1~23
E A U I I E I O U O A I I E,"EA,AU,UI,II,IE,EI,IO,OU,UO,OA,AI,II,IE",14,1~23
I O A U O A U O A I U E E,"IO,OA,AU,UO,OA,AU,UO,OA,AI,IU,UE,EE",13,1~23
E I O O I I O O O O U A A I A O I,"EI,IO,OO,OI,II,IO,OO,OO,OO,OU,UA,AA,AI,IA,AO,OI",17,1~23
U U A A O I E U U E A A I U,"UU,UA,AA,AO,OI,IE,EU,UU,UE,EA,AA,AI,IU",14,1~23
I O A E I U O O I I E I O U O A I E,"IO,OA,AE,EI,IU,UO,OO,OI,II,IE,EI,IO,OU,UO,OA,AI,IE",18,1~23
U O I,"UO,OI",3,1~23
O E U E O I O E A A U A O,"OE,EU,UE,EO,OI,IO,OE,EA,AA,AU,UA,AO",13,1~23
O A E A A A A I E,"OA,AE,EA,AA,AA,AA,AI,IE",9,1~23
I E O I I O I O U I U I U E,"IE,EO,OI,II,IO,OI,IO,OU,UI,IU,UI,IU,UE",14,1~23
U A,UA,2,1~23
E E I I E E U E,"EE,EI,II,IE,EE,EU,UE",8,1~23
I U O A E O U I I E U A O A O E I E A O I U,"IU,UO,OA,AE,EO,OU,UI,II,IE,EU,UA,AO,OA,AO,OE,EI,IE,EA,AO,OI,IU",22,1~23
O U U A A E I A A O A E U O U I,"OU,UU,UA,AA,AE,EI,IA,AA,AO,OA,AE,EU,UO,OU,UI",16,1~23
E I O O E,"EI,IO,OO,OE",5,1~23
I I A O E E E E O U A I A O,"II,IA,AO,OE,EE,EE,EE,EO,OU,UA,AI,IA,AO",14,1~23
U I U E A E U I E I O,"UI,IU,UE,EA,AE,EU,UI,IE,EI,IO",11,1~23
O I A A U E E U I,"OI,IA,AA,AU,UE,EE,EU,UI",9,1~23
I O I E O A A O A E A U U,"IO,OI,IE,EO,OA,AA,AO,OA,AE,EA,AU,UU",13,1~23
I O A O A U U I A U E E U I A E O U U I A O,"IO,OA,AO,OA,AU,UU,UI,IA,AU,UE,EE,EU,UI,IA,AE,EO,OU,UU,UI,IA,AO",22,1~23
I O U A O E A O O U O,"IO,OU,UA,AO,OE,EA,AO,OO,OU,UO",11,1~23
O O A E U I I A O A E,"OO,OA,AE,EU,UI,II,IA,AO,OA,AE",11,1~23
O O A O A A U U,"OO,OA,AO,OA,AA,AU,UU",8,1~23
O I E U U I A I E I O A E E E O O E,"OI,IE,EU,UU,UI,IA,AI,IE,EI,IO,OA,AE,EE,EE,EO,OO,OE",18,1~23
O E I E I I O I O A,"OE,EI,IE,EI,II,IO,OI,IO,OA",10,1~23
A O A A E,"AO,OA,AA,AE",5,1~23
A E U O A,"AE,EU,UO,OA",5,1~23
A E A E O I E E I O,"AE,EA,AE,EO,OI,IE,EE,EI,IO",10,1~23
A U E O U O A E E U O O I,"AU,UE,EO,OU,UO,OA,AE,EE,EU,UO,OO,OI",13,1~23
I U I E I U I A E I O I U O U O U A U A,"IU,UI,IE,EI,IU,UI,IA,AE,EI,IO,OI,IU,UO,OU,UO,OU,UA,AU,UA",20,1~23
I O O I U U E E O E U,"IO,OO,OI,IU,UU,UE,EE,EO,OE,EU",11,1~23
E E U E A E E E O O E A O O A U I I E E,"EE,EU,UE,EA,AE,EE,EE,EO,OO,OE,EA,AO,OO,OA,AU,UI,II,IE,EE",20,1~23
A O I U E E,"AO,OI,IU,UE,EE",6,1~23
E I I U E U,"EI,II,IU,UE,EU",6,1~23
U A U I E O E O U U U O E E E,"UA,AU,UI,IE,EO,OE,EO,OU,UU,UU,UO,OE,EE,EE",15,1~23
U A O E U E O E A I O U A U U I E O U O U E,"UA,AO,OE,EU,UE,EO,OE,EA,AI,IO,OU,UA,AU,UU,UI,IE,EO,OU,UO,OU,UE",22,1~23
O O A A O I U I I I O O E U I A O A I O I E I O O A A E,"OO,OA,AA,AO,OI,IU,UI,II,II,IO,OO,OE,EU,UI,IA,AO,OA,AI,IO,OI,IE,EI,IO,OO,OA,AA,AE",28,23~45
I I O O O A U I U E E I I A I U A I O O U E E I A I O I,"II,IO,OO,OO,OA,AU,UI,IU,UE,EE,EI,II,IA,AI,IU,UA,AI,IO,OO,OU,UE,EE,EI,IA,AI,IO,OI",28,23~45
E A I U E O O I U E A A O U I U E U E A E O U A A A U O O E A U O A,"EA,AI,IU,UE,EO,OO,OI,IU,UE,EA,AA,AO,OU,UI,IU,UE,EU,UE,EA,AE,EO,OU,UA,AA,AA,AU,UO,OO,OE,EA,AU,UO,OA",34,23~45
E U E O A I A U O O O I A O I I E A E A A U A A I U U U E I A I I A O A U I O,"EU,UE,EO,OA,AI,IA,AU,UO,OO,OO,OI,IA,AO,OI,II,IE,EA,AE,EA,AA,AU,UA,AA,AI,IU,UU,UU,UE,EI,IA,AI,II,IA,AO,OA,AU,UI,IO",39,23~45
E U U E E I O I A A A I I A E E A U E I O E I E,"EU,UU,UE,EE,EI,IO,OI,IA,AA,AA,AI,II,IA,AE,EE,EA,AU,UE,EI,IO,OE,EI,IE",24,23~45
O U U I A I E A U O E I O I A U I U U E U I I U O I U,"OU,UU,UI,IA,AI,IE,EA,AU,UO,OE,EI,IO,OI,IA,AU,UI,IU,UU,UE,EU,UI,II,IU,UO,OI,IU",27,23~45
U U A U A I A E U A E O O O A U O E A A U I E U E A E O A A A E U I U U U A O I A U O O,"UU,UA,AU,UA,AI,IA,AE,EU,UA,AE,EO,OO,OO,OA,AU,UO,OE,EA,AA,AU,UI,IE,EU,UE,EA,AE,EO,OA,AA,AA,AE,EU,UI,IU,UU,UU,UA,AO,OI,IA,AU,UO,OO",44,23~45
E E A E O A I I E A I I O O A I E A A E U I U I I O E O I O I A E I,"EE,EA,AE,EO,OA,AI,II,IE,EA,AI,II,IO,OO,OA,AI,IE,EA,AA,AE,EU,UI,IU,UI,II,IO,OE,EO,OI,IO,OI,IA,AE,EI",34,23~45
O I U I I A U U A E A U A O U A O E A U I I O A O U O I A O E U E U I E,"OI,IU,UI,II,IA,AU,UU,UA,AE,EA,AU,UA,AO,OU,UA,AO,OE,EA,AU,UI,II,IO,OA,AO,OU,UO,OI,IA,AO,OE,EU,UE,EU,UI,IE",36,23~45
A A I E U O A E I I E A U O E E A U O I E I A U O O I O A A A U I E I E U I U U,"AA,AI,IE,EU,UO,OA,AE,EI,II,IE,EA,AU,UO,OE,EE,EA,AU,UO,OI,IE,EI,IA,AU,UO,OO,OI,IO,OA,AA,AA,AU,UI,IE,EI,IE,EU,UI,IU,UU",40,23~45
I A A I I U O E U E E O O U E E I U I O A U O O U I E I E I E A I I I A O E O E A,"IA,AA,AI,II,IU,UO,OE,EU,UE,EE,EO,OO,OU,UE,EE,EI,IU,UI,IO,OA,AU,UO,OO,OU,UI,IE,EI,IE,EI,IE,EA,AI,II,II,IA,AO,OE,EO,OE,EA",41,23~45
I U I I O O E E E A O A A I O A I A U A I U A I O A E O I E E E,"IU,UI,II,IO,OO,OE,EE,EE,EA,AO,OA,AA,AI,IO,OA,AI,IA,AU,UA,AI,IU,UA,AI,IO,OA,AE,EO,OI,IE,EE,EE",32,23~45
I E I U U A A I E U O E A I I O A E U E I U I A A E E I O A E O O U E I I E,"IE,EI,IU,UU,UA,AA,AI,IE,EU,UO,OE,EA,AI,II,IO,OA,AE,EU,UE,EI,IU,UI,IA,AA,AE,EE,EI,IO,OA,AE,EO,OO,OU,UE,EI,II,IE",38,23~45
A O I E E A O U U I I I A I E E U U E U O U U I O A U O I A E O O A,"AO,OI,IE,EE,EA,AO,OU,UU,UI,II,II,IA,AI,IE,EE,EU,UU,UE,EU,UO,OU,UU,UI,IO,OA,AU,UO,OI,IA,AE,EO,OO,OA",34,23~45
E O E E I E A U U E E I O A A I A A A O U A E O E I O I E U A E U O U A I I A E U U U,"EO,OE,EE,EI,IE,EA,AU,UU,UE,EE,EI,IO,OA,AA,AI,IA,AA,AA,AO,OU,UA,AE,EO,OE,EI,IO,OI,IE,EU,UA,AE,EU,UO,OU,UA,AI,II,IA,AE,EU,UU,UU",43,23~45
I U O U A O E O A O I A O I I U A O E O E A E E,"IU,UO,OU,UA,AO,OE,EO,OA,AO,OI,IA,AO,OI,II,IU,UA,AO,OE,EO,OE,EA,AE,EE",24,23~45
O U E E U U A I A O I I I E E A U A I U A O E U A E I U U A E,"OU,UE,EE,EU,UU,UA,AI,IA,AO,OI,II,II,IE,EE,EA,AU,UA,AI,IU,UA,AO,OE,EU,UA,AE,EI,IU,UU,UA,AE",31,23~45
O O A A A I U U U O E I I A O O A U O I A U E U U A I E U U E I U E I U,"OO,OA,AA,AA,AI,IU,UU,UU,UO,OE,EI,II,IA,AO,OO,OA,AU,UO,OI,IA,AU,UE,EU,UU,UA,AI,IE,EU,UU,UE,EI,IU,UE,EI,IU",36,23~45
A O O A I U I I E A U I O A E A A A O U O O O A E O A U U U U U I O O E O E E,"AO,OO,OA,AI,IU,UI,II,IE,EA,AU,UI,IO,OA,AE,EA,AA,AA,AO,OU,UO,OO,OO,OA,AE,EO,OA,AU,UU,UU,UU,UU,UI,IO,OO,OE,EO,OE,EE",39,23~45
U I I I I O U E I E O O U I E O O O I E I I E O U A A A,"UI,II,II,II,IO,OU,UE,EI,IE,EO,OO,OU,UI,IE,EO,OO,OO,OI,IE,EI,II,IE,EO,OU,UA,AA,AA",28,23~45
E A U U E U U O O U A E O U U O A A A E I O U O A A E I U,"EA,AU,UU,UE,EU,UU,UO,OO,OU,UA,AE,EO,OU,UU,UO,OA,AA,AA,AE,EI,IO,OU,UO,OA,AA,AE,EI,IU",29,23~45
E O A E O O U E A I I A E U U I O A O O I A O E I U I A I U O I U U I O U O,"EO,OA,AE,EO,OO,OU,UE,EA,AI,II,IA,AE,EU,UU,UI,IO,OA,AO,OO,OI,IA,AO,OE,EI,IU,UI,IA,AI,IU,UO,OI,IU,UU,UI,IO,OU,UO",38,23~45
O A O O I O I E I E E I U U E E O O E U U I I A I I A U O,"OA,AO,OO,OI,IO,OI,IE,EI,IE,EE,EI,IU,UU,UE,EE,EO,OO,OE,EU,UU,UI,II,IA,AI,II,IA,AU,UO",29,23~45
O I E E U I I I U O U O A U U I U O E U U U E O A A A U U A U E U U O E E I E I,"OI,IE,EE,EU,UI,II,II,IU,UO,OU,UO,OA,AU,UU,UI,IU,UO,OE,EU,UU,UU,UE,EO,OA,AA,AA,AU,UU,UA,AU,UE,EU,UU,UO,OE,EE,EI,IE,EI",40,23~45
I U E U I O I A O I U U O I I U O A O E E U U O I I U U,"IU,UE,EU,UI,IO,OI,IA,AO,OI,IU,UU,UO,OI,II,IU,UO,OA,AO,OE,EE,EU,UU,UO,OI,II,IU,UU",28,23~45
I I O I E O A I I I E U I O U U U E E O U A I O A E E U O A A E,"II,IO,OI,IE,EO,OA,AI,II,II,IE,EU,UI,IO,OU,UU,UU,UE,EE,EO,OU,UA,AI,IO,OA,AE,EE,EU,UO,OA,AA,AE",32,23~45
I A O I O I I E E E A I O E A O O O E A U O O A I I A E U,"IA,AO,OI,IO,OI,II,IE,EE,EE,EA,AI,IO,OE,EA,AO,OO,OO,OE,EA,AU,UO,OO,OA,AI,II,IA,AE,EU",29,23~45
O E I U O O A O O I U E U E E I I A O O E O O U O U O O U U O,"OE,EI,IU,UO,OO,OA,AO,OO,OI,IU,UE,EU,UE,EE,EI,II,IA,AO,OO,OE,EO,OO,OU,UO,OU,UO,OO,OU,UU,UO",31,23~45
E U I I U E U I A E I A O O I O O O E O O E U U U A E O,"EU,UI,II,IU,UE,EU,UI,IA,AE,EI,IA,AO,OO,OI,IO,OO,OO,OE,EO,OO,OE,EU,UU,UU,UA,AE,EO",28,23~45
U I A E I U U U E O O U A I U O I O I A O U U E U A E U I A A U E O O A O U A O I,"UI,IA,AE,EI,IU,UU,UU,UE,EO,OO,OU,UA,AI,IU,UO,OI,IO,OI,IA,AO,OU,UU,UE,EU,UA,AE,EU,UI,IA,AA,AU,UE,EO,OO,OA,AO,OU,UA,AO,OI",41,23~45
O U A E I E A I O O A E I I E E I E O E A U I O E U E I O A E O O,"OU,UA,AE,EI,IE,EA,AI,IO,OO,OA,AE,EI,II,IE,EE,EI,IE,EO,OE,EA,AU,UI,IO,OE,EU,UE,EI,IO,OA,AE,EO,OO",33,23~45
I E O I E O U O U E E U U A E O I E O A U A I E O U U O,"IE,EO,OI,IE,EO,OU,UO,OU,UE,EE,EU,UU,UA,AE,EO,OI,IE,EO,OA,AU,UA,AI,IE,EO,OU,UU,UO",28,23~45
A U A E U A I O O E I O A E O O O U O O U A U I U O U E E A U U O A I U,"AU,UA,AE,EU,UA,AI,IO,OO,OE,EI,IO,OA,AE,EO,OO,OO,OU,UO,OO,OU,UA,AU,UI,IU,UO,OU,UE,EE,EA,AU,UU,UO,OA,AI,IU",36,23~45
E A E A A A I U O E A U I I I U A O I A U U U E E O E I U I I E I,"EA,AE,EA,AA,AA,AI,IU,UO,OE,EA,AU,UI,II,II,IU,UA,AO,OI,IA,AU,UU,UU,UE,EE,EO,OE,EI,IU,UI,II,IE,EI",33,23~45
E A I O E A I E O E O U I E O U U E U I E A U I I O A E U I U I I O A E A O E A I I O,"EA,AI,IO,OE,EA,AI,IE,EO,OE,EO,OU,UI,IE,EO,OU,UU,UE,EU,UI,IE,EA,AU,UI,II,IO,OA,AE,EU,UI,IU,UI,II,IO,OA,AE,EA,AO,OE,EA,AI,II,IO",43,23~45
A I A O I O A A O E I E E O A I O U O O O E A A E E E O O U E E E O I A E E A,"AI,IA,AO,OI,IO,OA,AA,AO,OE,EI,IE,EE,EO,OA,AI,IO,OU,UO,OO,OO,OE,EA,AA,AE,EE,EE,EO,OO,OU,UE,EE,EE,EO,OI,IA,AE,EE,EA",39,23~45
U O I E E A I O E O A A A I A E U U I O A I O U A A A E A O E E A,"UO,OI,IE,EE,EA,AI,IO,OE,EO,OA,AA,AA,AI,IA,AE,EU,UU,UI,IO,OA,AI,IO,OU,UA,AA,AA,AE,EA,AO,OE,EE,EA",33,23~45
E A U E E I I A E E U E O I O A U A O E A A I A O O U O E I U I A U O O E U O U I I U,"EA,AU,UE,EE,EI,II,IA,AE,EE,EU,UE,EO,OI,IO,OA,AU,UA,AO,OE,EA,AA,AI,IA,AO,OO,OU,UO,OE,EI,IU,UI,IA,AU,UO,OO,OE,EU,UO,OU,UI,II,IU",43,23~45
U I U E O A E O O E I U A A I U E E A U A U U E A E U E,"UI,IU,UE,EO,OA,AE,EO,OO,OE,EI,IU,UA,AA,AI,IU,UE,EE,EA,AU,UA,AU,UU,UE,EA,AE,EU,UE",28,23~45
A A U A I U E E A E I U O O O A I U A E O A U I U E U A E O A A I O O O U,"AA,AU,UA,AI,IU,UE,EE,EA,AE,EI,IU,UO,OO,OO,OA,AI,IU,UA,AE,EO,OA,AU,UI,IU,UE,EU,UA,AE,EO,OA,AA,AI,IO,OO,OO,OU",37,23~45
A I I A U E A I U A I O A E I E O E A U U E U A E I U I E A E U U A A U I I A U,"AI,II,IA,AU,UE,EA,AI,IU,UA,AI,IO,OA,AE,EI,IE,EO,OE,EA,AU,UU,UE,EU,UA,AE,EI,IU,UI,IE,EA,AE,EU,UU,UA,AA,AU,UI,II,IA,AU",40,23~45
A I O O A I U U A A O I A A I O A E E O I U A E A O A E U U O A U U A O U O A,"AI,IO,OO,OA,AI,IU,UU,UA,AA,AO,OI,IA,AA,AI,IO,OA,AE,EE,EO,OI,IU,UA,AE,EA,AO,OA,AE,EU,UU,UO,OA,AU,UU,UA,AO,OU,UO,OA",39,23~45
U E I U E O U E I O A I U U I A U E A I E O U U I U A U U I E,"UE,EI,IU,UE,EO,OU,UE,EI,IO,OA,AI,IU,UU,UI,IA,AU,UE,EA,AI,IE,EO,OU,UU,UI,IU,UA,AU,UU,UI,IE",31,23~45
I U A A A A E O U E E A O U O E A E A A U U O E U O U U O U I O O E E I A A A I,"IU,UA,AA,AA,AA,AE,EO,OU,UE,EE,EA,AO,OU,UO,OE,EA,AE,EA,AA,AU,UU,UO,OE,EU,UO,OU,UU,UO,OU,UI,IO,OO,OE,EE,EI,IA,AA,AA,AI",40,23~45
A O E I E I I I O E I U U A A I E U A O U E I E O O A E O E O A A U E E A O U U,"AO,OE,EI,IE,EI,II,II,IO,OE,EI,IU,UU,UA,AA,AI,IE,EU,UA,AO,OU,UE,EI,IE,EO,OO,OA,AE,EO,OE,EO,OA,AA,AU,UE,EE,EA,AO,OU,UU",40,23~45
A I O O A O E I E E O E O U U A E U U I I O O O A I U A O U U,"AI,IO,OO,OA,AO,OE,EI,IE,EE,EO,OE,EO,OU,UU,UA,AE,EU,UU,UI,II,IO,OO,OO,OA,AI,IU,UA,AO,OU,UU",31,23~45
U I U O A O O U A I E E I O I U E I I A I A U A E I U O E E A U A A E O I O I U E I A,"UI,IU,UO,OA,AO,OO,OU,UA,AI,IE,EE,EI,IO,OI,IU,UE,EI,II,IA,AI,IA,AU,UA,AE,EI,IU,UO,OE,EE,EA,AU,UA,AA,AE,EO,OI,IO,OI,IU,UE,EI,IA",43,23~45
E I A A U E O I U U E I U I U U E U E E E E A E O U O U O O O I E I E U E I E E O,"EI,IA,AA,AU,UE,EO,OI,IU,UU,UE,EI,IU,UI,IU,UU,UE,EU,UE,EE,EE,EE,EA,AE,EO,OU,UO,OU,UO,OO,OO,OI,IE,EI,IE,EU,UE,EI,IE,EE,EO",41,23~45
O I I A I I E I O O E A I E O E A A I I O A U I I O E I E U,"OI,II,IA,AI,II,IE,EI,IO,OO,OE,EA,AI,IE,EO,OE,EA,AA,AI,II,IO,OA,AU,UI,II,IO,OE,EI,IE,EU",30,23~45
E O A U U O U U U A I A U I A E U O A A I I I O O U A I E A A U O I,"EO,OA,AU,UU,UO,OU,UU,UU,UA,AI,IA,AU,UI,IA,AE,EU,UO,OA,AA,AI,II,II,IO,OO,OU,UA,AI,IE,EA,AA,AU,UO,OI",34,23~45
O I U U A U O A A O E E U E I O O A O A U I I O U U I U I O U A E E O U I I,"OI,IU,UU,UA,AU,UO,OA,AA,AO,OE,EE,EU,UE,EI,IO,OO,OA,AO,OA,AU,UI,II,IO,OU,UU,UI,IU,UI,IO,OU,UA,AE,EE,EO,OU,UI,II",38,23~45
U U O U U U U U I I I A I A O O O U U O A O O E E E E I A A A I E A A I A O,"UU,UO,OU,UU,UU,UU,UU,UI,II,II,IA,AI,IA,AO,OO,OO,OU,UU,UO,OA,AO,OO,OE,EE,EE,EE,EI,IA,AA,AA,AI,IE,EA,AA,AI,IA,AO",38,23~45
E A A O A E I O I A E A U O U I O U O E A U E E E A E I U A E E O I U U I I I O E U,"EA,AA,AO,OA,AE,EI,IO,OI,IA,AE,EA,AU,UO,OU,UI,IO,OU,UO,OE,EA,AU,UE,EE,EE,EA,AE,EI,IU,UA,AE,EE,EO,OI,IU,UU,UI,II,II,IO,OE,EU",42,23~45
U O E E I I A A E U A E E E A A O A E O I O O E I E I A O,"UO,OE,EE,EI,II,IA,AA,AE,EU,UA,AE,EE,EE,EA,AA,AO,OA,AE,EO,OI,IO,OO,OE,EI,IE,EI,IA,AO",29,23~45
O I U O U O O U E U U I I E I A U E O O U A A E O O I O A U E O I I,"OI,IU,UO,OU,UO,OO,OU,UE,EU,UU,UI,II,IE,EI,IA,AU,UE,EO,OO,OU,UA,AA,AE,EO,OO,OI,IO,OA,AU,UE,EO,OI,II",34,23~45
O U I E O I I U U O O U E A E A E E A O I O A,"OU,UI,IE,EO,OI,II,IU,UU,UO,OO,OU,UE,EA,AE,EA,AE,EE,EA,AO,OI,IO,OA",23,23~45
E U U E I U E A O A A I U E I O U U A U I U U,"EU,UU,UE,EI,IU,UE,EA,AO,OA,AA,AI,IU,UE,EI,IO,OU,UU,UA,AU,UI,IU,UU",23,23~45
A A U I O A I U E U I A E I O A E U I E I I O E A E A A U E,"AA,AU,UI,IO,OA,AI,IU,UE,EU,UI,IA,AE,EI,IO,OA,AE,EU,UI,IE,EI,II,IO,OE,EA,AE,EA,AA,AU,UE",30,23~45
A E U O O I E O I A E E O O O I E I O O E O A A A U U E E E U A O A I E A U O E E E O,"AE,EU,UO,OO,OI,IE,EO,OI,IA,AE,EE,EO,OO,OO,OI,IE,EI,IO,OO,OE,EO,OA,AA,AA,AU,UU,UE,EE,EE,EU,UA,AO,OA,AI,IE,EA,AU,UO,OE,EE,EE,EO",43,23~45
U U A A A U U I U U U I I O O O O E O O O O E O A I I A A I E U E O O O O A U A I U E,"UU,UA,AA,AA,AU,UU,UI,IU,UU,UU,UI,II,IO,OO,OO,OO,OE,EO,OO,OO,OO,OE,EO,OA,AI,II,IA,AA,AI,IE,EU,UE,EO,OO,OO,OO,OA,AU,UA,AI,IU,UE",43,23~45
E A I U A U I O U I A A E E O U E I U A I E O A I E U A A A I O A I I E O,"EA,AI,IU,UA,AU,UI,IO,OU,UI,IA,AA,AE,EE,EO,OU,UE,EI,IU,UA,AI,IE,EO,OA,AI,IE,EU,UA,AA,AA,AI,IO,OA,AI,II,IE,EO",37,23~45
O I I U O A U A O A I O A A U E U I O A I U U E I U I A E A A E U I O E,"OI,II,IU,UO,OA,AU,UA,AO,OA,AI,IO,OA,AA,AU,UE,EU,UI,IO,OA,AI,IU,UU,UE,EI,IU,UI,IA,AE,EA,AA,AE,EU,UI,IO,OE",36,23~45
A O I I O A O U A I A E I A I U U A I O O A U E I E U E O A A E U I E E A O,"AO,OI,II,IO,OA,AO,OU,UA,AI,IA,AE,EI,IA,AI,IU,UU,UA,AI,IO,OO,OA,AU,UE,EI,IE,EU,UE,EO,OA,AA,AE,EU,UI,IE,EE,EA,AO",38,23~45
E U I I I A A U A A A A O O U E I E U A U U A E A E A O U A A O O E A O,"EU,UI,II,II,IA,AA,AU,UA,AA,AA,AA,AO,OO,OU,UE,EI,IE,EU,UA,AU,UU,UA,AE,EA,AE,EA,AO,OU,UA,AA,AO,OO,OE,EA,AO",36,23~45
U A O E A I U O U O A U O I O U O O I O I E U U I,"UA,AO,OE,EA,AI,IU,UO,OU,UO,OA,AU,UO,OI,IO,OU,UO,OO,OI,IO,OI,IE,EU,UU,UI",25,23~45
O A I I E I O U E A I U U I U U I A U O U E E E I A E U I E A A A A I,"OA,AI,II,IE,EI,IO,OU,UE,EA,AI,IU,UU,UI,IU,UU,UI,IA,AU,UO,OU,UE,EE,EE,EI,IA,AE,EU,UI,IE,EA,AA,AA,AA,AI",35,23~45
U U O E O I I E O E O O E I E I O A E I I A A I U I E I U,"UU,UO,OE,EO,OI,II,IE,EO,OE,EO,OO,OE,EI,IE,EI,IO,OA,AE,EI,II,IA,AA,AI,IU,UI,IE,EI,IU",29,23~45
O U E E U I I I U A U O I E O A E A O I A U A I U O O E I I I I A I I E A I I U A U,"OU,UE,EE,EU,UI,II,II,IU,UA,AU,UO,OI,IE,EO,OA,AE,EA,AO,OI,IA,AU,UA,AI,IU,UO,OO,OE,EI,II,II,II,IA,AI,II,IE,EA,AI,II,IU,UA,AU",42,23~45
A I E O O I E U I E U U A I U E U A E A U A U I I U U,"AI,IE,EO,OO,OI,IE,EU,UI,IE,EU,UU,UA,AI,IU,UE,EU,UA,AE,EA,AU,UA,AU,UI,II,IU,UU",27,23~45
O E O E O A O A U E I O A E U U O E O O E E O U A A U I,"OE,EO,OE,EO,OA,AO,OA,AU,UE,EI,IO,OA,AE,EU,UU,UO,OE,EO,OO,OE,EE,EO,OU,UA,AA,AU,UI",28,23~45
U I A I A U I U O U E A O I I I E O A O I O O O I O E U U U O A U O O U O O,"UI,IA,AI,IA,AU,UI,IU,UO,OU,UE,EA,AO,OI,II,II,IE,EO,OA,AO,OI,IO,OO,OO,OI,IO,OE,EU,UU,UU,UO,OA,AU,UO,OO,OU,UO,OO",38,23~45
E E U U A E O U O O E E O I U E U O I U A O A O E E E I U O I I U U E I E U O O A U A,"EE,EU,UU,UA,AE,EO,OU,UO,OO,OE,EE,EO,OI,IU,UE,EU,UO,OI,IU,UA,AO,OA,AO,OE,EE,EE,EI,IU,UO,OI,II,IU,UU,UE,EI,IE,EU,UO,OO,OA,AU,UA",43,23~45
A A I A I O O I U A A A U I O A U I E O E E E E U A,"AA,AI,IA,AI,IO,OO,OI,IU,UA,AA,AA,AU,UI,IO,OA,AU,UI,IE,EO,OE,EE,EE,EE,EU,UA",26,23~45
E I O I E A O E I I A A O O A U E O E I A E I,"EI,IO,OI,IE,EA,AO,OE,EI,II,IA,AA,AO,OO,OA,AU,UE,EO,OE,EI,IA,AE,EI",23,23~45
A E E E A I U A E A E E U U I A E E E O I A I O I I O U A E I A O E A A E O O,"AE,EE,EE,EA,AI,IU,UA,AE,EA,AE,EE,EU,UU,UI,IA,AE,EE,EE,EO,OI,IA,AI,IO,OI,II,IO,OU,UA,AE,EI,IA,AO,OE,EA,AA,AE,EO,OO",39,23~45
U E E I E I I I I O I A I A E E E E I O E E A U A U I I A O A I I I A O I O E O E E A E E O U A O E U O I A,"UE,EE,EI,IE,EI,II,II,II,IO,OI,IA,AI,IA,AE,EE,EE,EE,EI,IO,OE,EE,EA,AU,UA,AU,UI,II,IA,AO,OA,AI,II,II,IA,AO,OI,IO,OE,EO,OE,EE,EA,AE,EE,EO,OU,UA,AO,OE,EU,UO,OI,IA",54,45~67
O A A O E I U E E U E U U O I O E A U A U E A E U E E I O I I E O I I E E O I I E A E E E U I O O E E O U E O O O U O,"OA,AA,AO,OE,EI,IU,UE,EE,EU,UE,EU,UU,UO,OI,IO,OE,EA,AU,UA,AU,UE,EA,AE,EU,UE,EE,EI,IO,OI,II,IE,EO,OI,II,IE,EE,EO,OI,II,IE,EA,AE,EE,EE,EU,UI,IO,OO,OE,EE,EO,OU,UE,EO,OO,OO,OU,UO",59,45~67
A A E I O A O O O A E E A A E E O E A A E A O O A A U I I E I A O O E U I I U I O I U E A A,"AA,AE,EI,IO,OA,AO,OO,OO,OA,AE,EE,EA,AA,AE,EE,EO,OE,EA,AA,AE,EA,AO,OO,OA,AA,AU,UI,II,IE,EI,IA,AO,OO,OE,EU,UI,II,IU,UI,IO,OI,IU,UE,EA,AA",46,45~67
I A A O U O A A A U A O A U U O O U I U O O E A I A E O E A E A A U E A E I O U U E A O A O E E E O E U E I A,"IA,AA,AO,OU,UO,OA,AA,AA,AU,UA,AO,OA,AU,UU,UO,OO,OU,UI,IU,UO,OO,OE,EA,AI,IA,AE,EO,OE,EA,AE,EA,AA,AU,UE,EA,AE,EI,IO,OU,UU,UE,EA,AO,OA,AO,OE,EE,EE,EO,OE,EU,UE,EI,IA",55,45~67
I E U A U A U O E O O I O E A O O A U E E E E A I I E A A I A E O O E O O A I I I I E E O O A E A I A E U I A E U O I I I I I O,"IE,EU,UA,AU,UA,AU,UO,OE,EO,OO,OI,IO,OE,EA,AO,OO,OA,AU,UE,EE,EE,EE,EA,AI,II,IE,EA,AA,AI,IA,AE,EO,OO,OE,EO,OO,OA,AI,II,II,II,IE,EE,EO,OO,OA,AE,EA,AI,IA,AE,EU,UI,IA,AE,EU,UO,OI,II,II,II,II,IO",64,45~67
A U A A E I A O A E A E I I O I A O A I E U A O U A U A U O U A A E A E U I O E O I I E U A I E U E U O U A O I A O U A O O,"AU,UA,AA,AE,EI,IA,AO,OA,AE,EA,AE,EI,II,IO,OI,IA,AO,OA,AI,IE,EU,UA,AO,OU,UA,AU,UA,AU,UO,OU,UA,AA,AE,EA,AE,EU,UI,IO,OE,EO,OI,II,IE,EU,UA,AI,IE,EU,UE,EU,UO,OU,UA,AO,OI,IA,AO,OU,UA,AO,OO",62,45~67
E E E A A E I O U A I A O A A E A U A O I A I U O A A E O A O O U O O I A O O E A I U E O A A E U I O,"EE,EE,EA,AA,AE,EI,IO,OU,UA,AI,IA,AO,OA,AA,AE,EA,AU,UA,AO,OI,IA,AI,IU,UO,OA,AA,AE,EO,OA,AO,OO,OU,UO,OO,OI,IA,AO,OO,OE,EA,AI,IU,UE,EO,OA,AA,AE,EU,UI,IO",51,45~67
O E I O E I I I O A E U A A U A O I A A O O A E O U A U E I I A A O O E O E U U E E E A U E O E I U A U I A U E E E,"OE,EI,IO,OE,EI,II,II,IO,OA,AE,EU,UA,AA,AU,UA,AO,OI,IA,AA,AO,OO,OA,AE,EO,OU,UA,AU,UE,EI,II,IA,AA,AO,OO,OE,EO,OE,EU,UU,UE,EE,EE,EA,AU,UE,EO,OE,EI,IU,UA,AU,UI,IA,AU,UE,EE,EE",58,45~67
E A E E I O E O E O U I U I E A I O E U U A E U I O I O I I U I O E A I U A E A A O E E O O I O E U U A A O U O U E U O A U I A,"EA,AE,EE,EI,IO,OE,EO,OE,EO,OU,UI,IU,UI,IE,EA,AI,IO,OE,EU,UU,UA,AE,EU,UI,IO,OI,IO,OI,II,IU,UI,IO,OE,EA,AI,IU,UA,AE,EA,AA,AO,OE,EE,EO,OO,OI,IO,OE,EU,UU,UA,AA,AO,OU,UO,OU,UE,EU,UO,OA,AU,UI,IA",64,45~67
O E E O A E U A I U O E A I U U I E O E O A A A I A A I U I I U A E E E A E E A O I A E A U U O U E I I E,"OE,EE,EO,OA,AE,EU,UA,AI,IU,UO,OE,EA,AI,IU,UU,UI,IE,EO,OE,EO,OA,AA,AA,AI,IA,AA,AI,IU,UI,II,IU,UA,AE,EE,EE,EA,AE,EE,EA,AO,OI,IA,AE,EA,AU,UU,UO,OU,UE,EI,II,IE",53,45~67
A I O O A I E A A E A O U A A I U U O E U O O A A E A U A A O E I I E O U E I I U U E A O I E O I O I E A U,"AI,IO,OO,OA,AI,IE,EA,AA,AE,EA,AO,OU,UA,AA,AI,IU,UU,UO,OE,EU,UO,OO,OA,AA,AE,EA,AU,UA,AA,AO,OE,EI,II,IE,EO,OU,UE,EI,II,IU,UU,UE,EA,AO,OI,IE,EO,OI,IO,OI,IE,EA,AU",54,45~67
I I I O I U E I U I A U E I I I O A E A O I E A I E A I U A O A O A E I O A O A A A U O U A I E I U A U,"II,II,IO,OI,IU,UE,EI,IU,UI,IA,AU,UE,EI,II,II,IO,OA,AE,EA,AO,OI,IE,EA,AI,IE,EA,AI,IU,UA,AO,OA,AO,OA,AE,EI,IO,OA,AO,OA,AA,AA,AU,UO,OU,UA,AI,IE,EI,IU,UA,AU",52,45~67
E I E E E O O I A A U I O U E I I A I O I E E U O A U A O E O I O U U E U E I I O A O O O O I U I E I A A U I O E,"EI,IE,EE,EE,EO,OO,OI,IA,AA,AU,UI,IO,OU,UE,EI,II,IA,AI,IO,OI,IE,EE,EU,UO,OA,AU,UA,AO,OE,EO,OI,IO,OU,UU,UE,EU,UE,EI,II,IO,OA,AO,OO,OO,OO,OI,IU,UI,IE,EI,IA,AA,AU,UI,IO,OE",57,45~67
O O I E I U A I U A O E E A I A I I O E I A O E E A E O U E A E U I U O O O I O I U E O U E I U U,"OO,OI,IE,EI,IU,UA,AI,IU,UA,AO,OE,EE,EA,AI,IA,AI,II,IO,OE,EI,IA,AO,OE,EE,EA,AE,EO,OU,UE,EA,AE,EU,UI,IU,UO,OO,OO,OI,IO,OI,IU,UE,EO,OU,UE,EI,IU,UU",49,45~67
O O O I U E O O I O A I I I U O O U E I A O O I O O E A U I E I E I E E E I O A O E O E U E A O U U A O E A E,"OO,OO,OI,IU,UE,EO,OO,OI,IO,OA,AI,II,II,IU,UO,OO,OU,UE,EI,IA,AO,OO,OI,IO,OO,OE,EA,AU,UI,IE,EI,IE,EI,IE,EE,EE,EI,IO,OA,AO,OE,EO,OE,EU,UE,EA,AO,OU,UU,UA,AO,OE,EA,AE",55,45~67
O I O O E U A I E I U E I O I E I A O E U O U U O E I I O E E A O E O E E U U O A U A A I O A I U I I O U A E O A U A E A I U O I,"OI,IO,OO,OE,EU,UA,AI,IE,EI,IU,UE,EI,IO,OI,IE,EI,IA,AO,OE,EU,UO,OU,UU,UO,OE,EI,II,IO,OE,EE,EA,AO,OE,EO,OE,EE,EU,UU,UO,OA,AU,UA,AA,AI,IO,OA,AI,IU,UI,II,IO,OU,UA,AE,EO,OA,AU,UA,AE,EA,AI,IU,UO,OI",65,45~67
A A E U E E E O O I I O U A I O U O E A U I U O U A O U A I E I A I I A I E U A E U E O I I O O U A I I I E O E E U U A U U U U,"AA,AE,EU,UE,EE,EE,EO,OO,OI,II,IO,OU,UA,AI,IO,OU,UO,OE,EA,AU,UI,IU,UO,OU,UA,AO,OU,UA,AI,IE,EI,IA,AI,II,IA,AI,IE,EU,UA,AE,EU,UE,EO,OI,II,IO,OO,OU,UA,AI,II,II,IE,EO,OE,EE,EU,UU,UA,AU,UU,UU,UU",64,45~67
O A O E A E I O O O U O O E U I A I I I O U E E I O I A O O U U I O I A O U E E O I O U I O A A A A,"OA,AO,OE,EA,AE,EI,IO,OO,OO,OU,UO,OO,OE,EU,UI,IA,AI,II,II,IO,OU,UE,EE,EI,IO,OI,IA,AO,OO,OU,UU,UI,IO,OI,IA,AO,OU,UE,EE,EO,OI,IO,OU,UI,IO,OA,AA,AA,AA",50,45~67
U U O U O A O I O A E I O U E I E A U U E O U I E E U O O U I U E U A O I I E E O I U A A A U U A E O E I I O O I E U,"UU,UO,OU,UO,OA,AO,OI,IO,OA,AE,EI,IO,OU,UE,EI,IE,EA,AU,UU,UE,EO,OU,UI,IE,EE,EU,UO,OO,OU,UI,IU,UE,EU,UA,AO,OI,II,IE,EE,EO,OI,IU,UA,AA,AA,AU,UU,UA,AE,EO,OE,EI,II,IO,OO,OI,IE,EU",59,45~67
O O U A A I I O O O U O U E O A O U A O O A A O E A O O U E A A A O O E A O A U U I I A U E E O O E A U I E E U U U,"OO,OU,UA,AA,AI,II,IO,OO,OO,OU,UO,OU,UE,EO,OA,AO,OU,UA,AO,OO,OA,AA,AO,OE,EA,AO,OO,OU,UE,EA,AA,AA,AO,OO,OE,EA,AO,OA,AU,UU,UI,II,IA,AU,UE,EE,EO,OO,OE,EA,AU,UI,IE,EE,EU,UU,UU",58,45~67
E E U E E I U U A I I I I A O I E E U I O O A E O A I E A O O O O I A U O A O E I O A O A I A U U E I A O A O I O E A O I,"EE,EU,UE,EE,EI,IU,UU,UA,AI,II,II,II,IA,AO,OI,IE,EE,EU,UI,IO,OO,OA,AE,EO,OA,AI,IE,EA,AO,OO,OO,OO,OI,IA,AU,UO,OA,AO,OE,EI,IO,OA,AO,OA,AI,IA,AU,UU,UE,EI,IA,AO,OA,AO,OI,IO,OE,EA,AO,OI",61,45~67
E A I O U U E U A U U U E U A O A E O A A E U E O E E A O E O I U O O U A U A U I U A O A E O E I U I A I E A I U,"EA,AI,IO,OU,UU,UE,EU,UA,AU,UU,UU,UE,EU,UA,AO,OA,AE,EO,OA,AA,AE,EU,UE,EO,OE,EE,EA,AO,OE,EO,OI,IU,UO,OO,OU,UA,AU,UA,AU,UI,IU,UA,AO,OA,AE,EO,OE,EI,IU,UI,IA,AI,IE,EA,AI,IU",57,45~67
E O A O A I A I E E U O O U E E E O A A E O O U E A E U I U E O A O I E I I O I O O I O A O E O I A O I,"EO,OA,AO,OA,AI,IA,AI,IE,EE,EU,UO,OO,OU,UE,EE,EE,EO,OA,AA,AE,EO,OO,OU,UE,EA,AE,EU,UI,IU,UE,EO,OA,AO,OI,IE,EI,II,IO,OI,IO,OO,OI,IO,OA,AO,OE,EO,OI,IA,AO,OI",52,45~67
A E O I O I A U O U O O A E I A E E O O I I O U E O U O O A E O E A I A A I U I O O O I E I I E U O O I O O I O O A A U E A O E,"AE,EO,OI,IO,OI,IA,AU,UO,OU,UO,OO,OA,AE,EI,IA,AE,EE,EO,OO,OI,II,IO,OU,UE,EO,OU,UO,OO,OA,AE,EO,OE,EA,AI,IA,AA,AI,IU,UI,IO,OO,OO,OI,IE,EI,II,IE,EU,UO,OO,OI,IO,OO,OI,IO,OO,OA,AA,AU,UE,EA,AO,OE",64,45~67
O A O A A I O U U A U A I E A E A E O E I A E O I E U E O U O A E U U U O U A E U U I I E A I U E E U E A O O U,"OA,AO,OA,AA,AI,IO,OU,UU,UA,AU,UA,AI,IE,EA,AE,EA,AE,EO,OE,EI,IA,AE,EO,OI,IE,EU,UE,EO,OU,UO,OA,AE,EU,UU,UU,UO,OU,UA,AE,EU,UU,UI,II,IE,EA,AI,IU,UE,EE,EU,UE,EA,AO,OO,OU",56,45~67
U I A A O E O U E E A E U E A I O A O E U I A A A O A U U U U E A U U A I I U U A E E A A U O A U I I I,"UI,IA,AA,AO,OE,EO,OU,UE,EE,EA,AE,EU,UE,EA,AI,IO,OA,AO,OE,EU,UI,IA,AA,AA,AO,OA,AU,UU,UU,UU,UE,EA,AU,UU,UA,AI,II,IU,UU,UA,AE,EE,EA,AA,AU,UO,OA,AU,UI,II,II",52,45~67
A A I O A I I A E E E I A I A A O O A U I O O E O I O I U A A I E I A U E O O A I E A E A I I O I E A I I I I O,"AA,AI,IO,OA,AI,II,IA,AE,EE,EE,EI,IA,AI,IA,AA,AO,OO,OA,AU,UI,IO,OO,OE,EO,OI,IO,OI,IU,UA,AA,AI,IE,EI,IA,AU,UE,EO,OO,OA,AI,IE,EA,AE,EA,AI,II,IO,OI,IE,EA,AI,II,II,II,IO",56,45~67
U I E O U E O E E U E E U U O A A O O O I O E I E I O A A I E U O E E E U E O U U I O O O E I E U,"UI,IE,EO,OU,UE,EO,OE,EE,EU,UE,EE,EU,UU,UO,OA,AA,AO,OO,OO,OI,IO,OE,EI,IE,EI,IO,OA,AA,AI,IE,EU,UO,OE,EE,EE,EU,UE,EO,OU,UU,UI,IO,OO,OO,OE,EI,IE,EU",49,45~67
O I U O E O I O E O A O U I U O O O I U E O U I O E O U E I O U U U I I I I I O E U U E O A O U A U I,"OI,IU,UO,OE,EO,OI,IO,OE,EO,OA,AO,OU,UI,IU,UO,OO,OO,OI,IU,UE,EO,OU,UI,IO,OE,EO,OU,UE,EI,IO,OU,UU,UU,UI,II,II,II,II,IO,OE,EU,UU,UE,EO,OA,AO,OU,UA,AU,UI",51,45~67
U O O U I E U U U O U O I A U A U O A O E U I I A A U I A I I O O A U U E I E E A E U O O O U O O O A O O U A E E A O U A E O,"UO,OO,OU,UI,IE,EU,UU,UU,UO,OU,UO,OI,IA,AU,UA,AU,UO,OA,AO,OE,EU,UI,II,IA,AA,AU,UI,IA,AI,II,IO,OO,OA,AU,UU,UE,EI,IE,EE,EA,AE,EU,UO,OO,OO,OU,UO,OO,OO,OA,AO,OO,OU,UA,AE,EE,EA,AO,OU,UA,AE,EO",63,45~67
I A E E U A O A U A I E U I U E U U A A A O I E A A A A U I E O O O U E I I O U U U I A O E U A E A O A U I,"IA,AE,EE,EU,UA,AO,OA,AU,UA,AI,IE,EU,UI,IU,UE,EU,UU,UA,AA,AA,AO,OI,IE,EA,AA,AA,AA,AU,UI,IE,EO,OO,OO,OU,UE,EI,II,IO,OU,UU,UU,UI,IA,AO,OE,EU,UA,AE,EA,AO,OA,AU,UI",54,45~67
A E U O E E E A I E I I U U U O U E U E E U E A O I O E U E E I U A O U E I E I U I E O I U U E I A U U O O U A A E E O,"AE,EU,UO,OE,EE,EE,EA,AI,IE,EI,II,IU,UU,UU,UO,OU,UE,EU,UE,EE,EU,UE,EA,AO,OI,IO,OE,EU,UE,EE,EI,IU,UA,AO,OU,UE,EI,IE,EI,IU,UI,IE,EO,OI,IU,UU,UE,EI,IA,AU,UU,UO,OO,OU,UA,AA,AE,EE,EO",60,45~67
E A A U I E O E A O O O U E A O O I U A U I E O O O A U E A E O I E O I U A U E U I O I I O E I,"EA,AA,AU,UI,IE,EO,OE,EA,AO,OO,OO,OU,UE,EA,AO,OO,OI,IU,UA,AU,UI,IE,EO,OO,OO,OA,AU,UE,EA,AE,EO,OI,IE,EO,OI,IU,UA,AU,UE,EU,UI,IO,OI,II,IO,OE,EI",48,45~67
I O I O U U U O U I U U E E A A O I I A A I E A I E U A A A I O U O E E I O E E A A E O A I E E A E I I E U E I I,"IO,OI,IO,OU,UU,UU,UO,OU,UI,IU,UU,UE,EE,EA,AA,AO,OI,II,IA,AA,AI,IE,EA,AI,IE,EU,UA,AA,AA,AI,IO,OU,UO,OE,EE,EI,IO,OE,EE,EA,AA,AE,EO,OA,AI,IE,EE,EA,AE,EI,II,IE,EU,UE,EI,II",57,45~67
E I A U U A O I I U I E E E E U A I I I E E O E I I E E A I U E U A A E A I E U E I U U U U O E U O U A,"EI,IA,AU,UU,UA,AO,OI,II,IU,UI,IE,EE,EE,EE,EU,UA,AI,II,II,IE,EE,EO,OE,EI,II,IE,EE,EA,AI,IU,UE,EU,UA,AA,AE,EA,AI,IE,EU,UE,EI,IU,UU,UU,UU,UO,OE,EU,UO,OU,UA",52,45~67
U I U A O A I O I A U U E I U I U U E U E I O E I A I I A I O U I O U O E E A I O O E O I A U O E E E O U,"UI,IU,UA,AO,OA,AI,IO,OI,IA,AU,UU,UE,EI,IU,UI,IU,UU,UE,EU,UE,EI,IO,OE,EI,IA,AI,II,IA,AI,IO,OU,UI,IO,OU,UO,OE,EE,EA,AI,IO,OO,OE,EO,OI,IA,AU,UO,OE,EE,EE,EO,OU",53,45~67
I I A O U O E A U U I A U A U O U U O E U O E A U I U U A I O E I E U U U O U E U A A I A A U U E I O E O,"II,IA,AO,OU,UO,OE,EA,AU,UU,UI,IA,AU,UA,AU,UO,OU,UU,UO,OE,EU,UO,OE,EA,AU,UI,IU,UU,UA,AI,IO,OE,EI,IE,EU,UU,UU,UO,OU,UE,EU,UA,AA,AI,IA,AA,AU,UU,UE,EI,IO,OE,EO",53,45~67
I O U A A I U E A U U A O O U E U O A O A E O E U E I O I E U O U I U I O I U E U I O I O O E U U I E A A E A O E U E O E U U O,"IO,OU,UA,AA,AI,IU,UE,EA,AU,UU,UA,AO,OO,OU,UE,EU,UO,OA,AO,OA,AE,EO,OE,EU,UE,EI,IO,OI,IE,EU,UO,OU,UI,IU,UI,IO,OI,IU,UE,EU,UI,IO,OI,IO,OO,OE,EU,UU,UI,IE,EA,AA,AE,EA,AO,OE,EU,UE,EO,OE,EU,UU,UO",64,45~67
U A U U U O E I E E E U A U O E I A O U E U O O O O A U E O E I U O U O I E O A O A O U O O I U E E I I U O A A O A E,"UA,AU,UU,UU,UO,OE,EI,IE,EE,EE,EU,UA,AU,UO,OE,EI,IA,AO,OU,UE,EU,UO,OO,OO,OO,OA,AU,UE,EO,OE,EI,IU,UO,OU,UO,OI,IE,EO,OA,AO,OA,AO,OU,UO,OO,OI,IU,UE,EE,EI,II,IU,UO,OA,AA,AO,OA,AE",59,45~67
I A A A U I U I O O I A A I I U A I O A U A A E E O I O E A U A E I O O U A U U A A A I E A E E,"IA,AA,AA,AU,UI,IU,UI,IO,OO,OI,IA,AA,AI,II,IU,UA,AI,IO,OA,AU,UA,AA,AE,EE,EO,OI,IO,OE,EA,AU,UA,AE,EI,IO,OO,OU,UA,AU,UU,UA,AA,AA,AI,IE,EA,AE,EE",48,45~67
U I E I U A I E I I A O O U E O U I I I I I U E I U I O I I U A A E U A U E E U U I O E E A U A U O,"UI,IE,EI,IU,UA,AI,IE,EI,II,IA,AO,OO,OU,UE,EO,OU,UI,II,II,II,II,IU,UE,EI,IU,UI,IO,OI,II,IU,UA,AA,AE,EU,UA,AU,UE,EE,EU,UU,UI,IO,OE,EE,EA,AU,UA,AU,UO",50,45~67
U U I U O A E U E A A U E O E E I O I E E U U E U E O U A O U A E I U I O O A U E O O U I I I,"UU,UI,IU,UO,OA,AE,EU,UE,EA,AA,AU,UE,EO,OE,EE,EI,IO,OI,IE,EE,EU,UU,UE,EU,UE,EO,OU,UA,AO,OU,UA,AE,EI,IU,UI,IO,OO,OA,AU,UE,EO,OO,OU,UI,II,II",47,45~67
E U I A E E I I A O A E I O E O E E E U O U U A U U O U O I I I U U A U I E E A U O A O E E A O A U O E U I,"EU,UI,IA,AE,EE,EI,II,IA,AO,OA,AE,EI,IO,OE,EO,OE,EE,EE,EU,UO,OU,UU,UA,AU,UU,UO,OU,UO,OI,II,II,IU,UU,UA,AU,UI,IE,EE,EA,AU,UO,OA,AO,OE,EE,EA,AO,OA,AU,UO,OE,EU,UI",54,45~67
O U A A U O I I O A U I I E U O U E E I E I U I U I O A I A U U U U E O E E U E U O E U U U I A E I O O O I E E A,"OU,UA,AA,AU,UO,OI,II,IO,OA,AU,UI,II,IE,EU,UO,OU,UE,EE,EI,IE,EI,IU,UI,IU,UI,IO,OA,AI,IA,AU,UU,UU,UU,UE,EO,OE,EE,EU,UE,EU,UO,OE,EU,UU,UU,UI,IA,AE,EI,IO,OO,OO,OI,IE,EE,EA",57,45~67
I U U I A I U U U O E E E O U U O A O I O E A A A U I U I I A E O A E I A E A O O E I E U O E U O O A,"IU,UU,UI,IA,AI,IU,UU,UU,UO,OE,EE,EE,EO,OU,UU,UO,OA,AO,OI,IO,OE,EA,AA,AA,AU,UI,IU,UI,II,IA,AE,EO,OA,AE,EI,IA,AE,EA,AO,OO,OE,EI,IE,EU,UO,OE,EU,UO,OO,OA",51,45~67
U A A I U A I O I U I E A E E U I I U A I I E A U O O O U O I A E A O I E E O E O A O E O,"UA,AA,AI,IU,UA,AI,IO,OI,IU,UI,IE,EA,AE,EE,EU,UI,II,IU,UA,AI,II,IE,EA,AU,UO,OO,OO,OU,UO,OI,IA,AE,EA,AO,OI,IE,EE,EO,OE,EO,OA,AO,OE,EO",45,45~67
O O I U A A E I U E I A U I U U A A E U O A U A E E I E A O A E O E A E A E I A E U O E E E E I,"OO,OI,IU,UA,AA,AE,EI,IU,UE,EI,IA,AU,UI,IU,UU,UA,AA,AE,EU,UO,OA,AU,UA,AE,EE,EI,IE,EA,AO,OA,AE,EO,OE,EA,AE,EA,AE,EI,IA,AE,EU,UO,OE,EE,EE,EE,EI",48,45~67
I O I U U A O I O A I U I A E E I U O A E I I U O A I I A U A U O U O O E A U A A E E O O U U I U I A O O I U I I E I U,"IO,OI,IU,UU,UA,AO,OI,IO,OA,AI,IU,UI,IA,AE,EE,EI,IU,UO,OA,AE,EI,II,IU,UO,OA,AI,II,IA,AU,UA,AU,UO,OU,UO,OO,OE,EA,AU,UA,AA,AE,EE,EO,OO,OU,UU,UI,IU,UI,IA,AO,OO,OI,IU,UI,II,IE,EI,IU",60,45~67
E E E I E U I I E E O I U A O O E I A E E I I O A O I O U A A I A A I I I A U E O E A I O U I U O A,"EE,EE,EI,IE,EU,UI,II,IE,EE,EO,OI,IU,UA,AO,OO,OE,EI,IA,AE,EE,EI,II,IO,OA,AO,OI,IO,OU,UA,AA,AI,IA,AA,AI,II,II,IA,AU,UE,EO,OE,EA,AI,IO,OU,UI,IU,UO,OA",50,45~67
E O I A I U E U U E E O I E E I I E E E I U O O U U U O A U A E O U O U I A U A U O U U O E A O O U E O,"EO,OI,IA,AI,IU,UE,EU,UU,UE,EE,EO,OI,IE,EE,EI,II,IE,EE,EE,EI,IU,UO,OO,OU,UU,UU,UO,OA,AU,UA,AE,EO,OU,UO,OU,UI,IA,AU,UA,AU,UO,OU,UU,UO,OE,EA,AO,OO,OU,UE,EO",52,45~67
O I U I U U U E E A E A E I U O U A I E O A U E O I A I O I U O O I E O E O E A A A A U O I I E I I E I E A A I O A E,"OI,IU,UI,IU,UU,UU,UE,EE,EA,AE,EA,AE,EI,IU,UO,OU,UA,AI,IE,EO,OA,AU,UE,EO,OI,IA,AI,IO,OI,IU,UO,OO,OI,IE,EO,OE,EO,OE,EA,AA,AA,AA,AU,UO,OI,II,IE,EI,II,IE,EI,IE,EA,AA,AI,IO,OA,AE",59,45~67
U O E I O I U A U I A U U A U E U U A U A E I U A A U A I U E I E I I I O O E I O I O A A O O E A I U I E I,"UO,OE,EI,IO,OI,IU,UA,AU,UI,IA,AU,UU,UA,AU,UE,EU,UU,UA,AU,UA,AE,EI,IU,UA,AA,AU,UA,AI,IU,UE,EI,IE,EI,II,II,IO,OO,OE,EI,IO,OI,IO,OA,AA,AO,OO,OE,EA,AI,IU,UI,IE,EI",54,45~67
O A I I A O O U U U I E I O O E A E O A I I E E I O A A E A A A U A A U U E O U E I I O O U I I,"OA,AI,II,IA,AO,OO,OU,UU,UU,UI,IE,EI,IO,OO,OE,EA,AE,EO,OA,AI,II,IE,EE,EI,IO,OA,AA,AE,EA,AA,AA,AU,UA,AA,AU,UU,UE,EO,OU,UE,EI,II,IO,OO,OU,UI,II",48,45~67
A A A O O I O O A U A E E U E U U O I U I U O A U A U O A I A A O I U E A U U E U I A I A O O U E A A O O E O U U U A I A I U O,"AA,AA,AO,OO,OI,IO,OO,OA,AU,UA,AE,EE,EU,UE,EU,UU,UO,OI,IU,UI,IU,UO,OA,AU,UA,AU,UO,OA,AI,IA,AA,AO,OI,IU,UE,EA,AU,UU,UE,EU,UI,IA,AI,IA,AO,OO,OU,UE,EA,AA,AO,OO,OE,EO,OU,UU,UU,UA,AI,IA,AI,IU,UO",64,45~67
E I E E A I U E A E E O I U I U E I U O E O O A A O O E O U I E U U A O U I A O I U A O O A O E U U I E I I I A A I A I A O E,"EI,IE,EE,EA,AI,IU,UE,EA,AE,EE,EO,OI,IU,UI,IU,UE,EI,IU,UO,OE,EO,OO,OA,AA,AO,OO,OE,EO,OU,UI,IE,EU,UU,UA,AO,OU,UI,IA,AO,OI,IU,UA,AO,OO,OA,AO,OE,EU,UU,UI,IE,EI,II,II,IA,AA,AI,IA,AI,IA,AO,OE",63,45~67
U E U I A I O O O I A O O A I U E O U E I U O U O I E U I E E E U I A I A I O I A A U I E E O E A,"UE,EU,UI,IA,AI,IO,OO,OO,OI,IA,AO,OO,OA,AI,IU,UE,EO,OU,UE,EI,IU,UO,OU,UO,OI,IE,EU,UI,IE,EE,EE,EU,UI,IA,AI,IA,AI,IO,OI,IA,AA,AU,UI,IE,EE,EO,OE,EA",49,45~67
A O E O E O I O E I O O A O A O U I E I U O A U U O E E U A I A E A E A I E U A U A A O E O A I E O U I O E A E I E,"AO,OE,EO,OE,EO,OI,IO,OE,EI,IO,OO,OA,AO,OA,AO,OU,UI,IE,EI,IU,UO,OA,AU,UU,UO,OE,EE,EU,UA,AI,IA,AE,EA,AE,EA,AI,IE,EU,UA,AU,UA,AA,AO,OE,EO,OA,AI,IE,EO,OU,UI,IO,OE,EA,AE,EI,IE",58,45~67
O U U I I O I U I O U A E I E I I I O U E E U O O A U I A A U E U U O A E U A I O I E E O A E U U A E U U O O A E U U I,"OU,UU,UI,II,IO,OI,IU,UI,IO,OU,UA,AE,EI,IE,EI,II,II,IO,OU,UE,EE,EU,UO,OO,OA,AU,UI,IA,AA,AU,UE,EU,UU,UO,OA,AE,EU,UA,AI,IO,OI,IE,EE,EO,OA,AE,EU,UU,UA,AE,EU,UU,UO,OO,OA,AE,EU,UU,UI",60,45~67
O I E I E O E U U O E A A I E E O O I E I A O E O O A U E I I E I U E U I O A O A U E O A O,"OI,IE,EI,IE,EO,OE,EU,UU,UO,OE,EA,AA,AI,IE,EE,EO,OO,OI,IE,EI,IA,AO,OE,EO,OO,OA,AU,UE,EI,II,IE,EI,IU,UE,EU,UI,IO,OA,AO,OA,AU,UE,EO,OA,AO",46,45~67
I O I U A O I O U U O U U A I I A I O O O A E U U A E E A U A A I U E I O E I O O I E I E U O O O E I E A U A E O I A U O A E E E I,"IO,OI,IU,UA,AO,OI,IO,OU,UU,UO,OU,UU,UA,AI,II,IA,AI,IO,OO,OO,OA,AE,EU,UU,UA,AE,EE,EA,AU,UA,AA,AI,IU,UE,EI,IO,OE,EI,IO,OO,OI,IE,EI,IE,EU,UO,OO,OO,OE,EI,IE,EA,AU,UA,AE,EO,OI,IA,AU,UO,OA,AE,EE,EE,EI",66,45~67
I U O I E O A U U I I I E A A A I E U O U A O I I U A U E I O A O O O E E O A O O A O U U E E E A A E O U E E I A O O I O U A I A E,"IU,UO,OI,IE,EO,OA,AU,UU,UI,II,II,IE,EA,AA,AA,AI,IE,EU,UO,OU,UA,AO,OI,II,IU,UA,AU,UE,EI,IO,OA,AO,OO,OO,OE,EE,EO,OA,AO,OO,OA,AO,OU,UU,UE,EE,EE,EA,AA,AE,EO,OU,UE,EE,EI,IA,AO,OO,OI,IO,OU,UA,AI,IA,AE",66,45~67
E I O I O I I U O I I E I A A U O E E E U O U O U U I I A I O E I I O I A A I O E I A I U E U E A E O A I A I A,"EI,IO,OI,IO,OI,II,IU,UO,OI,II,IE,EI,IA,AA,AU,UO,OE,EE,EE,EU,UO,OU,UO,OU,UU,UI,II,IA,AI,IO,OE,EI,II,IO,OI,IA,AA,AI,IO,OE,EI,IA,AI,IU,UE,EU,UE,EA,AE,EO,OA,AI,IA,AI,IA",56,45~67
E E E U A O O A E U O A U U E I I A O O A O E I E I I E U U U U E O I U U I A E I U O O U I O A O U U,"EE,EE,EU,UA,AO,OO,OA,AE,EU,UO,OA,AU,UU,UE,EI,II,IA,AO,OO,OA,AO,OE,EI,IE,EI,II,IE,EU,UU,UU,UU,UE,EO,OI,IU,UU,UI,IA,AE,EI,IU,UO,OO,OU,UI,IO,OA,AO,OU,UU",51,45~67
U O I U O A A I A A U A O E A E A E U U E E E E E U I O U O E E E O U U O U O E A O O E A I O O I I I U O O I O E O,"UO,OI,IU,UO,OA,AA,AI,IA,AA,AU,UA,AO,OE,EA,AE,EA,AE,EU,UU,UE,EE,EE,EE,EE,EU,UI,IO,OU,UO,OE,EE,EE,EO,OU,UU,UO,OU,UO,OE,EA,AO,OO,OE,EA,AI,IO,OO,OI,II,II,IU,UO,OO,OI,IO,OE,EO",58,45~67
O U A E A I A U I U O I I A I I A I I E I E A A I E E U E O I U A E U A A U E A O E I A U O A I A E U E,"OU,UA,AE,EA,AI,IA,AU,UI,IU,UO,OI,II,IA,AI,II,IA,AI,II,IE,EI,IE,EA,AA,AI,IE,EE,EU,UE,EO,OI,IU,UA,AE,EU,UA,AA,AU,UE,EA,AO,OE,EI,IA,AU,UO,OA,AI,IA,AE,EU,UE",52,45~67
I A U O E I O O U I E O O U O O A U O O I A I U U A I O A U U A E E O A I I I O A U A O E A U O U A U U E,"IA,AU,UO,OE,EI,IO,OO,OU,UI,IE,EO,OO,OU,UO,OO,OA,AU,UO,OO,OI,IA,AI,IU,UU,UA,AI,IO,OA,AU,UU,UA,AE,EE,EO,OA,AI,II,II,IO,OA,AU,UA,AO,OE,EA,AU,UO,OU,UA,AU,UU,UE",53,45~67
I O O O I E E E O A U O U U E U I E A U E U E E I I A A E I O I O U U O U U E U E I U I O E A E U O A U A,"IO,OO,OO,OI,IE,EE,EE,EO,OA,AU,UO,OU,UU,UE,EU,UI,IE,EA,AU,UE,EU,UE,EE,EI,II,IA,AA,AE,EI,IO,OI,IO,OU,UU,UO,OU,UU,UE,EU,UE,EI,IU,UI,IO,OE,EA,AE,EU,UO,OA,AU,UA",53,45~67
A O U U A I I E E E I I E O A U I A E E I E O I A A O E I U I A A E U U I I O A A A O I I E A I O O E A E I U E U A O A E,"AO,OU,UU,UA,AI,II,IE,EE,EE,EI,II,IE,EO,OA,AU,UI,IA,AE,EE,EI,IE,EO,OI,IA,AA,AO,OE,EI,IU,UI,IA,AA,AE,EU,UU,UI,II,IO,OA,AA,AA,AO,OI,II,IE,EA,AI,IO,OO,OE,EA,AE,EI,IU,UE,EU,UA,AO,OA,AE",61,45~67
U U U O U I E E A A I O I U O O I A U A I E O E I E E U I I I O O I I U I U E I U I U I U E U O U I U U E I A U O O O A,"UU,UU,UO,OU,UI,IE,EE,EA,AA,AI,IO,OI,IU,UO,OO,OI,IA,AU,UA,AI,IE,EO,OE,EI,IE,EE,EU,UI,II,II,IO,OO,OI,II,IU,UI,IU,UE,EI,IU,UI,IU,UI,IU,UE,EU,UO,OU,UI,IU,UU,UE,EI,IA,AU,UO,OO,OO,OA",60,45~67
U E I O I I A U A A E E I A E O U A A I O I A O O I O A U E I A U I U O E A A E U I I U E O O I I E I U E A,"UE,EI,IO,OI,II,IA,AU,UA,AA,AE,EE,EI,IA,AE,EO,OU,UA,AA,AI,IO,OI,IA,AO,OO,OI,IO,OA,AU,UE,EI,IA,AU,UI,IU,UO,OE,EA,AA,AE,EU,UI,II,IU,UE,EO,OO,OI,II,IE,EI,IU,UE,EA",54,45~67
U O U O A A I U E A U E I U U A O A A U A A O U U U O O U U E A A A O E E O A O A I I I O E E A,"UO,OU,UO,OA,AA,AI,IU,UE,EA,AU,UE,EI,IU,UU,UA,AO,OA,AA,AU,UA,AA,AO,OU,UU,UU,UO,OO,OU,UU,UE,EA,AA,AA,AO,OE,EE,EO,OA,AO,OA,AI,II,II,IO,OE,EE,EA",48,45~67
U O E E U E U I O A E U U I O U E A U E A A U U O A E U O O E U A U A I E U O E O I E O I I O E O A I I A A E O,"UO,OE,EE,EU,UE,EU,UI,IO,OA,AE,EU,UU,UI,IO,OU,UE,EA,AU,UE,EA,AA,AU,UU,UO,OA,AE,EU,UO,OO,OE,EU,UA,AU,UA,AI,IE,EU,UO,OE,EO,OI,IE,EO,OI,II,IO,OE,EO,OA,AI,II,IA,AA,AE,EO",56,45~67
U A U I I E U E O A O E U U U O O A I E E I E U U E E I E A A E A A U E O U I I E U E U U A,"UA,AU,UI,II,IE,EU,UE,EO,OA,AO,OE,EU,UU,UU,UO,OO,OA,AI,IE,EE,EI,IE,EU,UU,UE,EE,EI,IE,EA,AA,AE,EA,AA,AU,UE,EO,OU,UI,II,IE,EU,UE,EU,UU,UA",46,45~67
U U O A I U U I E E U O O I U O O I O A E U O U E E O A E I O E A U I U O E A A I A O A E U I A I O O U I I A E A A A E E U O E,"UU,UO,OA,AI,IU,UU,UI,IE,EE,EU,UO,OO,OI,IU,UO,OO,OI,IO,OA,AE,EU,UO,OU,UE,EE,EO,OA,AE,EI,IO,OE,EA,AU,UI,IU,UO,OE,EA,AA,AI,IA,AO,OA,AE,EU,UI,IA,AI,IO,OO,OU,UI,II,IA,AE,EA,AA,AA,AE,EE,EU,UO,OE",64,45~67
A I E E O E U A I A A O O A A E A A I E U O O O I A A I I I O I A A U O O U I O I E I A U E U O A I E A U,"AI,IE,EE,EO,OE,EU,UA,AI,IA,AA,AO,OO,OA,AA,AE,EA,AA,AI,IE,EU,UO,OO,OO,OI,IA,AA,AI,II,II,IO,OI,IA,AA,AU,UO,OO,OU,UI,IO,OI,IE,EI,IA,AU,UE,EU,UO,OA,AI,IE,EA,AU",53,45~67
O A I I U I U A E I A E E A A A A E E I O I I E E U I O I A O E O E O U A U U O U E I E A I I O E E A O O E E O O A E O I A O O U I I U O U O I U I A O I A I A,"OA,AI,II,IU,UI,IU,UA,AE,EI,IA,AE,EE,EA,AA,AA,AA,AE,EE,EI,IO,OI,II,IE,EE,EU,UI,IO,OI,IA,AO,OE,EO,OE,EO,OU,UA,AU,UU,UO,OU,UE,EI,IE,EA,AI,II,IO,OE,EE,EA,AO,OO,OE,EE,EO,OO,OA,AE,EO,OI,IA,AO,OO,OU,UI,II,IU,UO,OU,UO,OI,IU,UI,IA,AO,OI,IA,AI,IA",80,67~90
A I I A E O I I U A O O I E U U E U U I O I U I U I O E O A U I E I E E A U I U A I O U U I U O I U O E O A E O U A I U I E A A A I E A A U E O O U I A A A U U A U I E A U O O,"AI,II,IA,AE,EO,OI,II,IU,UA,AO,OO,OI,IE,EU,UU,UE,EU,UU,UI,IO,OI,IU,UI,IU,UI,IO,OE,EO,OA,AU,UI,IE,EI,IE,EE,EA,AU,UI,IU,UA,AI,IO,OU,UU,UI,IU,UO,OI,IU,UO,OE,EO,OA,AE,EO,OU,UA,AI,IU,UI,IE,EA,AA,AA,AI,IE,EA,AA,AU,UE,EO,OO,OU,UI,IA,AA,AA,AU,UU,UA,AU,UI,IE,EA,AU,UO,OO",88,67~90
U E U E E I U I A E I U U I U E E I U U U U U O I A O E O A O I I E A U A E A A U I U U E E A I E A E E O O O E O A A A E E O A E I O I O O U U O E E A O O O E O,"UE,EU,UE,EE,EI,IU,UI,IA,AE,EI,IU,UU,UI,IU,UE,EE,EI,IU,UU,UU,UU,UU,UO,OI,IA,AO,OE,EO,OA,AO,OI,II,IE,EA,AU,UA,AE,EA,AA,AU,UI,IU,UU,UE,EE,EA,AI,IE,EA,AE,EE,EO,OO,OO,OE,EO,OA,AA,AA,AE,EE,EO,OA,AE,EI,IO,OI,IO,OO,OU,UU,UO,OE,EE,EA,AO,OO,OO,OE,EO",81,67~90
I E U E U U I O A E A O O U A O U U O U E I A E U I E U O I I O E A I E O A E E E U A A O O U U O E E I U U E A A E I A O O O O I U U O E O E O O I O A A A O,"IE,EU,UE,EU,UU,UI,IO,OA,AE,EA,AO,OO,OU,UA,AO,OU,UU,UO,OU,UE,EI,IA,AE,EU,UI,IE,EU,UO,OI,II,IO,OE,EA,AI,IE,EO,OA,AE,EE,EE,EU,UA,AA,AO,OO,OU,UU,UO,OE,EE,EI,IU,UU,UE,EA,AA,AE,EI,IA,AO,OO,OO,OO,OI,IU,UU,UO,OE,EO,OE,EO,OO,OI,IO,OA,AA,AA,AO",79,67~90
A U I E A I E E I A E E A E A U U O O I O O E U O U E E U A A O O E A U U I E A A A E A I A O E U E U O I A U E I I A E U I A A U E E A A I U A A A I O O,"AU,UI,IE,EA,AI,IE,EE,EI,IA,AE,EE,EA,AE,EA,AU,UU,UO,OO,OI,IO,OO,OE,EU,UO,OU,UE,EE,EU,UA,AA,AO,OO,OE,EA,AU,UU,UI,IE,EA,AA,AA,AE,EA,AI,IA,AO,OE,EU,UE,EU,UO,OI,IA,AU,UE,EI,II,IA,AE,EU,UI,IA,AA,AU,UE,EE,EA,AA,AI,IU,UA,AA,AA,AI,IO,OO",77,67~90
U I O U U I I E I E O A O E I O E I I E U A E U E E I U U O U O E A I E A I E O E I A O O O O O E E U I E O I I I O U E A E I A U I I U U U E A I I A E U O I E E I A E U U A,"UI,IO,OU,UU,UI,II,IE,EI,IE,EO,OA,AO,OE,EI,IO,OE,EI,II,IE,EU,UA,AE,EU,UE,EE,EI,IU,UU,UO,OU,UO,OE,EA,AI,IE,EA,AI,IE,EO,OE,EI,IA,AO,OO,OO,OO,OO,OE,EE,EU,UI,IE,EO,OI,II,II,IO,OU,UE,EA,AE,EI,IA,AU,UI,II,IU,UU,UU,UE,EA,AI,II,IA,AE,EU,UO,OI,IE,EE,EI,IA,AE,EU,UU,UA",87,67~90
O A I I I E O U I I I E A A A O U A I O A A U A O I U O I U U I E I U A U O E E I O O A U I A U I E O E I I A I E A O I I O O U O E U U O O I A A E,"OA,AI,II,II,IE,EO,OU,UI,II,II,IE,EA,AA,AA,AO,OU,UA,AI,IO,OA,AA,AU,UA,AO,OI,IU,UO,OI,IU,UU,UI,IE,EI,IU,UA,AU,UO,OE,EE,EI,IO,OO,OA,AU,UI,IA,AU,UI,IE,EO,OE,EI,II,IA,AI,IE,EA,AO,OI,II,IO,OO,OU,UO,OE,EU,UU,UO,OO,OI,IA,AA,AE",74,67~90
I E E I O I I A U E E E I A E I A A A A O I O O O A A I I E O U A O A O A O I O A O U O O A U I E A I U U U E E E U U U I O I E U U E A O U U I I A O U O U E U U U A O O U A E,"IE,EE,EI,IO,OI,II,IA,AU,UE,EE,EE,EI,IA,AE,EI,IA,AA,AA,AA,AO,OI,IO,OO,OO,OA,AA,AI,II,IE,EO,OU,UA,AO,OA,AO,OA,AO,OI,IO,OA,AO,OU,UO,OO,OA,AU,UI,IE,EA,AI,IU,UU,UU,UE,EE,EE,EU,UU,UU,UI,IO,OI,IE,EU,UU,UE,EA,AO,OU,UU,UI,II,IA,AO,OU,UO,OU,UE,EU,UU,UU,UA,AO,OO,OU,UA,AE",88,67~90
U O A O A U I A E U I I A A O A I U I I O I U U A U O A A O I U O I E I A I A E U I A A I A I A E A I O O I U I U E O E I A O I U E E U A A A O A E U E E A U U O I A,"UO,OA,AO,OA,AU,UI,IA,AE,EU,UI,II,IA,AA,AO,OA,AI,IU,UI,II,IO,OI,IU,UU,UA,AU,UO,OA,AA,AO,OI,IU,UO,OI,IE,EI,IA,AI,IA,AE,EU,UI,IA,AA,AI,IA,AI,IA,AE,EA,AI,IO,OO,OI,IU,UI,IU,UE,EO,OE,EI,IA,AO,OI,IU,UE,EE,EU,UA,AA,AA,AO,OA,AE,EU,UE,EE,EA,AU,UU,UO,OI,IA",83,67~90
I O A U E U A O O E O U I A U A A A O E A E I O U A A I I U O E E E U E A O O O A A O U A O I I U A E I I I A U O U E A A U I O I I I E A O I E A I I I A O E E I O I O O E,"IO,OA,AU,UE,EU,UA,AO,OO,OE,EO,OU,UI,IA,AU,UA,AA,AA,AO,OE,EA,AE,EI,IO,OU,UA,AA,AI,II,IU,UO,OE,EE,EE,EU,UE,EA,AO,OO,OO,OA,AA,AO,OU,UA,AO,OI,II,IU,UA,AE,EI,II,II,IA,AU,UO,OU,UE,EA,AA,AU,UI,IO,OI,II,II,IE,EA,AO,OI,IE,EA,AI,II,II,IA,AO,OE,EE,EI,IO,OI,IO,OO,OE",86,67~90
I I A A I A A I U A I A O U I U U A A I I A A I A I A U U U A U A O O I E U E U U I O O O U O E O U E I A A A I U E U A O O I O I E I I A U O E E A A O O E U E,"II,IA,AA,AI,IA,AA,AI,IU,UA,AI,IA,AO,OU,UI,IU,UU,UA,AA,AI,II,IA,AA,AI,IA,AI,IA,AU,UU,UU,UA,AU,UA,AO,OO,OI,IE,EU,UE,EU,UU,UI,IO,OO,OO,OU,UO,OE,EO,OU,UE,EI,IA,AA,AA,AI,IU,UE,EU,UA,AO,OO,OI,IO,OI,IE,EI,II,IA,AU,UO,OE,EE,EA,AA,AO,OO,OE,EU,UE",80,67~90
A E O I O I E O E A A E O O E I I A I A U I A O E O U A A A A I O A U U U O A A A A U I I E E U U O O I O I U U O I U I I O O O A U I A O E E,"AE,EO,OI,IO,OI,IE,EO,OE,EA,AA,AE,EO,OO,OE,EI,II,IA,AI,IA,AU,UI,IA,AO,OE,EO,OU,UA,AA,AA,AA,AI,IO,OA,AU,UU,UU,UO,OA,AA,AA,AA,AU,UI,II,IE,EE,EU,UU,UO,OO,OI,IO,OI,IU,UU,UO,OI,IU,UI,II,IO,OO,OO,OA,AU,UI,IA,AO,OE,EE",71,67~90
U I O U A A E O U O A O U E I A O U A O E E I I A U U A U I U A A U O U U A A U E I E A U O U A U U E U O O O A I I I A E I O O E U U I E I I A O I,"UI,IO,OU,UA,AA,AE,EO,OU,UO,OA,AO,OU,UE,EI,IA,AO,OU,UA,AO,OE,EE,EI,II,IA,AU,UU,UA,AU,UI,IU,UA,AA,AU,UO,OU,UU,UA,AA,AU,UE,EI,IE,EA,AU,UO,OU,UA,AU,UU,UE,EU,UO,OO,OO,OA,AI,II,II,IA,AE,EI,IO,OO,OE,EU,UU,UI,IE,EI,II,IA,AO,OI",74,67~90
E A A A O U U E I A A I O I O E A I A O I E U U U O E I O A O U I I U A O O I E E U I U O U I I E A A A I A U O O O U O A A E U A I I U A E I A A U O E U U I E A I A E E E O E,"EA,AA,AA,AO,OU,UU,UE,EI,IA,AA,AI,IO,OI,IO,OE,EA,AI,IA,AO,OI,IE,EU,UU,UU,UO,OE,EI,IO,OA,AO,OU,UI,II,IU,UA,AO,OO,OI,IE,EE,EU,UI,IU,UO,OU,UI,II,IE,EA,AA,AA,AI,IA,AU,UO,OO,OO,OU,UO,OA,AA,AE,EU,UA,AI,II,IU,UA,AE,EI,IA,AA,AU,UO,OE,EU,UU,UI,IE,EA,AI,IA,AE,EE,EE,EO,OE",88,67~90
E O I I E O E O A O U O A E O O I I E U E A A E U U I O A I A I O U E O A O I A I U U A O E E A I U I A O I E U A I U O E O I U U U I O E I O A A E U E U U O,"EO,OI,II,IE,EO,OE,EO,OA,AO,OU,UO,OA,AE,EO,OO,OI,II,IE,EU,UE,EA,AA,AE,EU,UU,UI,IO,OA,AI,IA,AI,IO,OU,UE,EO,OA,AO,OI,IA,AI,IU,UU,UA,AO,OE,EE,EA,AI,IU,UI,IA,AO,OI,IE,EU,UA,AI,IU,UO,OE,EO,OI,IU,UU,UU,UI,IO,OE,EI,IO,OA,AA,AE,EU,UE,EU,UU,UO",79,67~90
I A E U I E O O U E E I I I O U A O O A E O I O O O A O O I O O A U O O E O O O O U U O A O E I E O A U A U I E O O I I O O A O U E U,"IA,AE,EU,UI,IE,EO,OO,OU,UE,EE,EI,II,II,IO,OU,UA,AO,OO,OA,AE,EO,OI,IO,OO,OO,OA,AO,OO,OI,IO,OO,OA,AU,UO,OO,OE,EO,OO,OO,OO,OU,UU,UO,OA,AO,OE,EI,IE,EO,OA,AU,UA,AU,UI,IE,EO,OO,OI,II,IO,OO,OA,AO,OU,UE,EU",67,67~90
O A O O A O I U O A I E E I I E I A I I A A A U O A A E E I O A I E I A U O I U U E I U U E A O E U O O U E I O A E I O A E U E E O U A E A E U O I O A E A E E U,"OA,AO,OO,OA,AO,OI,IU,UO,OA,AI,IE,EE,EI,II,IE,EI,IA,AI,II,IA,AA,AA,AU,UO,OA,AA,AE,EE,EI,IO,OA,AI,IE,EI,IA,AU,UO,OI,IU,UU,UE,EI,IU,UU,UE,EA,AO,OE,EU,UO,OO,OU,UE,EI,IO,OA,AE,EI,IO,OA,AE,EU,UE,EE,EO,OU,UA,AE,EA,AE,EU,UO,OI,IO,OA,AE,EA,AE,EE,EU",81,67~90
A U O I A O E U E U O U O I E O A A A E U I O O I O E U I E O I U E A E U A I O O E A I I U E A U I I O U I O O O O I O I O E I A I O I O E E I,"AU,UO,OI,IA,AO,OE,EU,UE,EU,UO,OU,UO,OI,IE,EO,OA,AA,AA,AE,EU,UI,IO,OO,OI,IO,OE,EU,UI,IE,EO,OI,IU,UE,EA,AE,EU,UA,AI,IO,OO,OE,EA,AI,II,IU,UE,EA,AU,UI,II,IO,OU,UI,IO,OO,OO,OO,OI,IO,OI,IO,OE,EI,IA,AI,IO,OI,IO,OE,EE,EI",72,67~90
O E U A O O E O I O I I E A I I I U E A U E O O E O I U I O U I U E E I A A I U E E O A I E O O O E I A E O O O O U O A O O E A O O O O,"OE,EU,UA,AO,OO,OE,EO,OI,IO,OI,II,IE,EA,AI,II,II,IU,UE,EA,AU,UE,EO,OO,OE,EO,OI,IU,UI,IO,OU,UI,IU,UE,EE,EI,IA,AA,AI,IU,UE,EE,EO,OA,AI,IE,EO,OO,OO,OE,EI,IA,AE,EO,OO,OO,OO,OU,UO,OA,AO,OO,OE,EA,AO,OO,OO,OO",68,67~90
I O I I I U U A E O E A U U A I U A E E A U E U I A U E E I O E A A U E I O A I U I U I O U U I E I I O O A U O E U U A A E O I A A A I A U U U A,"IO,OI,II,II,IU,UU,UA,AE,EO,OE,EA,AU,UU,UA,AI,IU,UA,AE,EE,EA,AU,UE,EU,UI,IA,AU,UE,EE,EI,IO,OE,EA,AA,AU,UE,EI,IO,OA,AI,IU,UI,IU,UI,IO,OU,UU,UI,IE,EI,II,IO,OO,OA,AU,UO,OE,EU,UU,UA,AA,AE,EO,OI,IA,AA,AA,AI,IA,AU,UU,UU,UA",73,67~90
E U O E E I O O O A I U A E A O O O E I U O O E E U E A O O A I I I A O A I A A I O A A I O U I E A A I O U I E U A U E A U U E U U I U U A I O E E O A,"EU,UO,OE,EE,EI,IO,OO,OO,OA,AI,IU,UA,AE,EA,AO,OO,OO,OE,EI,IU,UO,OO,OE,EE,EU,UE,EA,AO,OO,OA,AI,II,II,IA,AO,OA,AI,IA,AA,AI,IO,OA,AA,AI,IO,OU,UI,IE,EA,AA,AI,IO,OU,UI,IE,EU,UA,AU,UE,EA,AU,UU,UE,EU,UU,UI,IU,UU,UA,AI,IO,OE,EE,EO,OA",76,67~90
U A U E A I U O O O E O O O E U I O E I O U U U E U I U I U I U A O E I I U I A E O O U U A I O U A I O A U A E I E A A O O E O I U I O O U,"UA,AU,UE,EA,AI,IU,UO,OO,OO,OE,EO,OO,OO,OE,EU,UI,IO,OE,EI,IO,OU,UU,UU,UE,EU,UI,IU,UI,IU,UI,IU,UA,AO,OE,EI,II,IU,UI,IA,AE,EO,OO,OU,UU,UA,AI,IO,OU,UA,AI,IO,OA,AU,UA,AE,EI,IE,EA,AA,AO,OO,OE,EO,OI,IU,UI,IO,OO,OU",70,67~90
O E E A A O U A O A E U E A O O O E E O O E A U U U A I E A E E E O U U O E U U E E A O I I E E O A A I E E E O O E O I E O I A E E U A E O E U E E U U O A I U E O I A I,"OE,EE,EA,AA,AO,OU,UA,AO,OA,AE,EU,UE,EA,AO,OO,OO,OE,EE,EO,OO,OE,EA,AU,UU,UU,UA,AI,IE,EA,AE,EE,EE,EO,OU,UU,UO,OE,EU,UU,UE,EE,EA,AO,OI,II,IE,EE,EO,OA,AA,AI,IE,EE,EE,EO,OO,OE,EO,OI,IE,EO,OI,IA,AE,EE,EU,UA,AE,EO,OE,EU,UE,EE,EU,UU,UO,OA,AI,IU,UE,EO,OI,IA,AI",85,67~90
U I O U I O O I I A U U A E U O O E I A O A E I E O I I E A U I E I E O O O O O U I O E A E E U E O I E E I O U U E I E O A I I A A A E O E A O O U O O I E U O E E I I O U A A,"UI,IO,OU,UI,IO,OO,OI,II,IA,AU,UU,UA,AE,EU,UO,OO,OE,EI,IA,AO,OA,AE,EI,IE,EO,OI,II,IE,EA,AU,UI,IE,EI,IE,EO,OO,OO,OO,OO,OU,UI,IO,OE,EA,AE,EE,EU,UE,EO,OI,IE,EE,EI,IO,OU,UU,UE,EI,IE,EO,OA,AI,II,IA,AA,AA,AE,EO,OE,EA,AO,OO,OU,UO,OO,OI,IE,EU,UO,OE,EE,EI,II,IO,OU,UA,AA",88,67~90
E U E I U U A I I I E U I E E O I I I O U A O A A I I O A E O O O I O E E I A E A I O U U I E E E U O U A O A E E O U I E I A U U E A E E,"EU,UE,EI,IU,UU,UA,AI,II,II,IE,EU,UI,IE,EE,EO,OI,II,II,IO,OU,UA,AO,OA,AA,AI,II,IO,OA,AE,EO,OO,OO,OI,IO,OE,EE,EI,IA,AE,EA,AI,IO,OU,UU,UI,IE,EE,EE,EU,UO,OU,UA,AO,OA,AE,EE,EO,OU,UI,IE,EI,IA,AU,UU,UE,EA,AE,EE",69,67~90
E I A O A I E U I A A A I O U E O O E A O A U E A I I O E O E O O E O O A I O I I O U U E U O O U U O E A O I U A U I U E E U O E E E U I A E E O O I O O I O,"EI,IA,AO,OA,AI,IE,EU,UI,IA,AA,AA,AI,IO,OU,UE,EO,OO,OE,EA,AO,OA,AU,UE,EA,AI,II,IO,OE,EO,OE,EO,OO,OE,EO,OO,OA,AI,IO,OI,II,IO,OU,UU,UE,EU,UO,OO,OU,UU,UO,OE,EA,AO,OI,IU,UA,AU,UI,IU,UE,EE,EU,UO,OE,EE,EE,EU,UI,IA,AE,EE,EO,OO,OI,IO,OO,OI,IO",79,67~90
A I O U U E A I U O O A E I E U E A A I U U A E A E I U A A I U E O I E O O A E U E E O I U U O A O E A U E O O I U I E U U U O O O E,"AI,IO,OU,UU,UE,EA,AI,IU,UO,OO,OA,AE,EI,IE,EU,UE,EA,AA,AI,IU,UU,UA,AE,EA,AE,EI,IU,UA,AA,AI,IU,UE,EO,OI,IE,EO,OO,OA,AE,EU,UE,EE,EO,OI,IU,UU,UO,OA,AO,OE,EA,AU,UE,EO,OO,OI,IU,UI,IE,EU,UU,UU,UO,OO,OO,OE",67,67~90
U O I E U A U O I O I O I O I A A E I U E A U U O I E O E A E E E E I U U I U I E U U U E U E O U E A A U A E A A E U I I E E E U I E E U A A I I U O A U U O I I E I U E,"UO,OI,IE,EU,UA,AU,UO,OI,IO,OI,IO,OI,IO,OI,IA,AA,AE,EI,IU,UE,EA,AU,UU,UO,OI,IE,EO,OE,EA,AE,EE,EE,EE,EI,IU,UU,UI,IU,UI,IE,EU,UU,UU,UE,EU,UE,EO,OU,UE,EA,AA,AU,UA,AE,EA,AA,AE,EU,UI,II,IE,EE,EE,EU,UI,IE,EE,EU,UA,AA,AI,II,IU,UO,OA,AU,UU,UO,OI,II,IE,EI,IU,UE",85,67~90
I I I O U I E U I I I O E I O O E I I I A I I E O A A U U U I O O U A U U O E I I O E O I U E I E U I O E U U A E A I O A A U I A O E I U I E U U A I,"II,II,IO,OU,UI,IE,EU,UI,II,II,IO,OE,EI,IO,OO,OE,EI,II,II,IA,AI,II,IE,EO,OA,AA,AU,UU,UU,UI,IO,OO,OU,UA,AU,UU,UO,OE,EI,II,IO,OE,EO,OI,IU,UE,EI,IE,EU,UI,IO,OE,EU,UU,UA,AE,EA,AI,IO,OA,AA,AU,UI,IA,AO,OE,EI,IU,UI,IE,EU,UU,UA,AI",75,67~90
I I A O U O I A O E O A U I A U I E A E O O E U A O I U E O E U E I O I A E E U O A O O I E O U A O U O E I U O I E A I A O I I O E U O U A A A U E I A I U I A A I O E E U O,"II,IA,AO,OU,UO,OI,IA,AO,OE,EO,OA,AU,UI,IA,AU,UI,IE,EA,AE,EO,OO,OE,EU,UA,AO,OI,IU,UE,EO,OE,EU,UE,EI,IO,OI,IA,AE,EE,EU,UO,OA,AO,OO,OI,IE,EO,OU,UA,AO,OU,UO,OE,EI,IU,UO,OI,IE,EA,AI,IA,AO,OI,II,IO,OE,EU,UO,OU,UA,AA,AA,AU,UE,EI,IA,AI,IU,UI,IA,AA,AI,IO,OE,EE,EU,UO",87,67~90
A O U A I A A A E A O U A E U U A E O U I I A E U A U O A O A I A I A E U I O E O O E A I O A E A E U A U O O U U E E I O I I A A U I E A A I I U I E O,"AO,OU,UA,AI,IA,AA,AA,AE,EA,AO,OU,UA,AE,EU,UU,UA,AE,EO,OU,UI,II,IA,AE,EU,UA,AU,UO,OA,AO,OA,AI,IA,AI,IA,AE,EU,UI,IO,OE,EO,OO,OE,EA,AI,IO,OA,AE,EA,AE,EU,UA,AU,UO,OO,OU,UU,UE,EE,EI,IO,OI,II,IA,AA,AU,UI,IE,EA,AA,AI,II,IU,UI,IE,EO",76,67~90
A A O E A I U I I A O A E A U E I A O U U U O E U I I E E A I U A E O U A I I O E U E E I E A A U E A A A E O E U U O O A E I A U E E O O I E I A E E O U,"AA,AO,OE,EA,AI,IU,UI,II,IA,AO,OA,AE,EA,AU,UE,EI,IA,AO,OU,UU,UU,UO,OE,EU,UI,II,IE,EE,EA,AI,IU,UA,AE,EO,OU,UA,AI,II,IO,OE,EU,UE,EE,EI,IE,EA,AA,AU,UE,EA,AA,AA,AE,EO,OE,EU,UU,UO,OO,OA,AE,EI,IA,AU,UE,EE,EO,OO,OI,IE,EI,IA,AE,EE,EO,OU",77,67~90
A I U A A E O A E E O I A I E O A A O E I I U A U O E E E E I E O U I E U U I A E E A E I A U A A E E I O O O I A I U A E U U E U U U E E A A A A A I A U I E E A I U U A,"AI,IU,UA,AA,AE,EO,OA,AE,EE,EO,OI,IA,AI,IE,EO,OA,AA,AO,OE,EI,II,IU,UA,AU,UO,OE,EE,EE,EE,EI,IE,EO,OU,UI,IE,EU,UU,UI,IA,AE,EE,EA,AE,EI,IA,AU,UA,AA,AE,EE,EI,IO,OO,OO,OI,IA,AI,IU,UA,AE,EU,UU,UE,EU,UU,UU,UE,EE,EA,AA,AA,AA,AA,AI,IA,AU,UI,IE,EE,EA,AI,IU,UU,UA",85,67~90
O U O U I O A U I I U A I O O I O I A E U U I E I O I U I E I O A A E E A E E I I E A I O O U A O A U I U O E A I E E U I E I U O O U U E A I U,"OU,UO,OU,UI,IO,OA,AU,UI,II,IU,UA,AI,IO,OO,OI,IO,OI,IA,AE,EU,UU,UI,IE,EI,IO,OI,IU,UI,IE,EI,IO,OA,AA,AE,EE,EA,AE,EE,EI,II,IE,EA,AI,IO,OO,OU,UA,AO,OA,AU,UI,IU,UO,OE,EA,AI,IE,EE,EU,UI,IE,EI,IU,UO,OO,OU,UU,UE,EA,AI,IU",72,67~90
U E O E A U E U I U I A O U U A U O U O I I O E I A E I I A E E I E O A A U A A O E I O U O E O E O I I O I A I E U A I A I E U I O U O I O E O U O U O U O A U O I I O A,"UE,EO,OE,EA,AU,UE,EU,UI,IU,UI,IA,AO,OU,UU,UA,AU,UO,OU,UO,OI,II,IO,OE,EI,IA,AE,EI,II,IA,AE,EE,EI,IE,EO,OA,AA,AU,UA,AA,AO,OE,EI,IO,OU,UO,OE,EO,OE,EO,OI,II,IO,OI,IA,AI,IE,EU,UA,AI,IA,AI,IE,EU,UI,IO,OU,UO,OI,IO,OE,EO,OU,UO,OU,UO,OU,UO,OA,AU,UO,OI,II,IO,OA",85,67~90
O I O I A O U I U O E A O I U E E I U I O U U O I U E I A E I A A A O E I E I I A I U E I U O I I I I A O O E E I O E A U E A I A E I I I E O I I E I I I O U I U E A O,"OI,IO,OI,IA,AO,OU,UI,IU,UO,OE,EA,AO,OI,IU,UE,EE,EI,IU,UI,IO,OU,UU,UO,OI,IU,UE,EI,IA,AE,EI,IA,AA,AA,AO,OE,EI,IE,EI,II,IA,AI,IU,UE,EI,IU,UO,OI,II,II,II,IA,AO,OO,OE,EE,EI,IO,OE,EA,AU,UE,EA,AI,IA,AE,EI,II,II,IE,EO,OI,II,IE,EI,II,II,IO,OU,UI,IU,UE,EA,AO",84,67~90
O A A O A O I O A I O E U A O E A I A E I U O O A U O E E I U A O O U E I I E E I U E A A I A I O U I I E O O E A E U U I E I U A E O A E U U I O,"OA,AA,AO,OA,AO,OI,IO,OA,AI,IO,OE,EU,UA,AO,OE,EA,AI,IA,AE,EI,IU,UO,OO,OA,AU,UO,OE,EE,EI,IU,UA,AO,OO,OU,UE,EI,II,IE,EE,EI,IU,UE,EA,AA,AI,IA,AI,IO,OU,UI,II,IE,EO,OO,OE,EA,AE,EU,UU,UI,IE,EI,IU,UA,AE,EO,OA,AE,EU,UU,UI,IO",73,67~90
A E E U U E E U U I A I O I E O O I U A E O E U U O O U I U I E O U E U I A E A E A O E U O O O E A I U A I U U E U I E I I A O E U U U A I E E A O I O A U U,"AE,EE,EU,UU,UE,EE,EU,UU,UI,IA,AI,IO,OI,IE,EO,OO,OI,IU,UA,AE,EO,OE,EU,UU,UO,OO,OU,UI,IU,UI,IE,EO,OU,UE,EU,UI,IA,AE,EA,AE,EA,AO,OE,EU,UO,OO,OO,OE,EA,AI,IU,UA,AI,IU,UU,UE,EU,UI,IE,EI,II,IA,AO,OE,EU,UU,UU,UA,AI,IE,EE,EA,AO,OI,IO,OA,AU,UU",79,67~90
U I U A E A I I O E A I E A O E O I I I O I O U A U A U E U E E I A I O E U U U U A E I O A E A E U I U A I E O O E U U A U U E E E U O,"UI,IU,UA,AE,EA,AI,II,IO,OE,EA,AI,IE,EA,AO,OE,EO,OI,II,II,IO,OI,IO,OU,UA,AU,UA,AU,UE,EU,UE,EE,EI,IA,AI,IO,OE,EU,UU,UU,UU,UA,AE,EI,IO,OA,AE,EA,AE,EU,UI,IU,UA,AI,IE,EO,OO,OE,EU,UU,UA,AU,UU,UE,EE,EE,EU,UO",68,67~90
E A A A A U A O E A A I A A O I E E I U I U A A E E O I E U A I O U O U A A E E A I O E I U A E I A I E A E O O E I U O U A U A U E E A U U I I E I I U U O A I I O I O O I O U I,"EA,AA,AA,AA,AU,UA,AO,OE,EA,AA,AI,IA,AA,AO,OI,IE,EE,EI,IU,UI,IU,UA,AA,AE,EE,EO,OI,IE,EU,UA,AI,IO,OU,UO,OU,UA,AA,AE,EE,EA,AI,IO,OE,EI,IU,UA,AE,EI,IA,AI,IE,EA,AE,EO,OO,OE,EI,IU,UO,OU,UA,AU,UA,AU,UE,EE,EA,AU,UU,UI,II,IE,EI,II,IU,UU,UO,OA,AI,II,IO,OI,IO,OO,OI,IO,OU,UI",89,67~90
U I E A I I O I O O O U U A U I U I U I E A U E I O O O U A I I E U U E I I O A U A I U U U E O O I A I U A O U U I I E O A U A E E I A O E U A I I E O E U,"UI,IE,EA,AI,II,IO,OI,IO,OO,OO,OU,UU,UA,AU,UI,IU,UI,IU,UI,IE,EA,AU,UE,EI,IO,OO,OO,OU,UA,AI,II,IE,EU,UU,UE,EI,II,IO,OA,AU,UA,AI,IU,UU,UU,UE,EO,OO,OI,IA,AI,IU,UA,AO,OU,UU,UI,II,IE,EO,OA,AU,UA,AE,EE,EI,IA,AO,OE,EU,UA,AI,II,IE,EO,OE,EU",78,67~90
U I I O E U A I O I U E U A O I I O U U A A I U E I I A I O A I I I A A I I E I U E I O I U O I O U I E U O I E A U O O A A I O A E A,"UI,II,IO,OE,EU,UA,AI,IO,OI,IU,UE,EU,UA,AO,OI,II,IO,OU,UU,UA,AA,AI,IU,UE,EI,II,IA,AI,IO,OA,AI,II,II,IA,AA,AI,II,IE,EI,IU,UE,EI,IO,OI,IU,UO,OI,IO,OU,UI,IE,EU,UO,OI,IE,EA,AU,UO,OO,OA,AA,AI,IO,OA,AE,EA",67,67~90
A O I I A I I E I I O O E I I I O U O O A A E E E O U E E O O O A I O E U I O I O A U I O E E A E A A O A I A O A A E U I O I E E A A U I,"AO,OI,II,IA,AI,II,IE,EI,II,IO,OO,OE,EI,II,II,IO,OU,UO,OO,OA,AA,AE,EE,EE,EO,OU,UE,EE,EO,OO,OO,OA,AI,IO,OE,EU,UI,IO,OI,IO,OA,AU,UI,IO,OE,EE,EA,AE,EA,AA,AO,OA,AI,IA,AO,OA,AA,AE,EU,UI,IO,OI,IE,EE,EA,AA,AU,UI",69,67~90
I E O E O U I I E E A I U A E U I U E E A I E I O U A U I E I E A U E U U O O E I O E I I A A A A U U E E U O I I E E O U I A A U E O E U E U E I E A O O U E E E O O E U U,"IE,EO,OE,EO,OU,UI,II,IE,EE,EA,AI,IU,UA,AE,EU,UI,IU,UE,EE,EA,AI,IE,EI,IO,OU,UA,AU,UI,IE,EI,IE,EA,AU,UE,EU,UU,UO,OO,OE,EI,IO,OE,EI,II,IA,AA,AA,AA,AU,UU,UE,EE,EU,UO,OI,II,IE,EE,EO,OU,UI,IA,AA,AU,UE,EO,OE,EU,UE,EU,UE,EI,IE,EA,AO,OO,OU,UE,EE,EE,EO,OO,OE,EU,UU",86,67~90
E O E A I O U U U A U A I O I A U I U O A E I I I U O A I U A O E A O E E E I O A O I A U O O U E O I U E A U E I O O U E U O O A E A A O I A U E I O I O I O E,"EO,OE,EA,AI,IO,OU,UU,UU,UA,AU,UA,AI,IO,OI,IA,AU,UI,IU,UO,OA,AE,EI,II,II,IU,UO,OA,AI,IU,UA,AO,OE,EA,AO,OE,EE,EE,EI,IO,OA,AO,OI,IA,AU,UO,OO,OU,UE,EO,OI,IU,UE,EA,AU,UE,EI,IO,OO,OU,UE,EU,UO,OO,OA,AE,EA,AA,AO,OI,IA,AU,UE,EI,IO,OI,IO,OI,IO,OE",80,67~90
I A E O U A O O I A O A E A I E U O O O O I U E E E U U I U O I E U O E A O O U I E E U E E O E O O E A O I E I O U E O E I U A E A O A O A U A O O O I E U U A U U I A A U,"IA,AE,EO,OU,UA,AO,OO,OI,IA,AO,OA,AE,EA,AI,IE,EU,UO,OO,OO,OO,OI,IU,UE,EE,EE,EU,UU,UI,IU,UO,OI,IE,EU,UO,OE,EA,AO,OO,OU,UI,IE,EE,EU,UE,EE,EO,OE,EO,OO,OE,EA,AO,OI,IE,EI,IO,OU,UE,EO,OE,EI,IU,UA,AE,EA,AO,OA,AO,OA,AU,UA,AO,OO,OO,OI,IE,EU,UU,UA,AU,UU,UI,IA,AA,AU",86,67~90
E O O I E E O O I E E O A E E O I A U A O U O U U E O O I E I O E A O U O E A A I I U A A E I I E I I I I I E A I U I U I U U O E I O I O O E A I E I E,"EO,OO,OI,IE,EE,EO,OO,OI,IE,EE,EO,OA,AE,EE,EO,OI,IA,AU,UA,AO,OU,UO,OU,UU,UE,EO,OO,OI,IE,EI,IO,OE,EA,AO,OU,UO,OE,EA,AA,AI,II,IU,UA,AA,AE,EI,II,IE,EI,II,II,II,II,IE,EA,AI,IU,UI,IU,UI,IU,UU,UO,OE,EI,IO,OI,IO,OO,OE,EA,AI,IE,EI,IE",76,67~90
E U U I O O I I A E E O O A O A U A I O O U O I E A O A I A U E E I E O E I U U O O E E O O U I O U U E A U U O U E I U I O U I A A I U E I I E O O I E I O A O E E O O I A O I I,"EU,UU,UI,IO,OO,OI,II,IA,AE,EE,EO,OO,OA,AO,OA,AU,UA,AI,IO,OO,OU,UO,OI,IE,EA,AO,OA,AI,IA,AU,UE,EE,EI,IE,EO,OE,EI,IU,UU,UO,OO,OE,EE,EO,OO,OU,UI,IO,OU,UU,UE,EA,AU,UU,UO,OU,UE,EI,IU,UI,IO,OU,UI,IA,AA,AI,IU,UE,EI,II,IE,EO,OO,OI,IE,EI,IO,OA,AO,OE,EE,EO,OO,OI,IA,AO,OI,II",89,67~90
U U A A A U O E I I A A A O E O O U A E A A A U U O I I E E O I A U O O I I A E O U A U O O I O I U O I I A E E U O A O I U I U I U I A A O O,"UU,UA,AA,AA,AU,UO,OE,EI,II,IA,AA,AA,AO,OE,EO,OO,OU,UA,AE,EA,AA,AA,AU,UU,UO,OI,II,IE,EE,EO,OI,IA,AU,UO,OO,OI,II,IA,AE,EO,OU,UA,AU,UO,OO,OI,IO,OI,IU,UO,OI,II,IA,AE,EE,EU,UO,OA,AO,OI,IU,UI,IU,UI,IU,UI,IA,AA,AO,OO",71,67~90
E U U E O A E I E E U I E E O A O I O A I A E I E I U O A A U I A O A U O A I E E U U I U O O U E E O O O U A I E U O O O O I A E O A I I I I I,"EU,UU,UE,EO,OA,AE,EI,IE,EE,EU,UI,IE,EE,EO,OA,AO,OI,IO,OA,AI,IA,AE,EI,IE,EI,IU,UO,OA,AA,AU,UI,IA,AO,OA,AU,UO,OA,AI,IE,EE,EU,UU,UI,IU,UO,OO,OU,UE,EE,EO,OO,OO,OU,UA,AI,IE,EU,UO,OO,OO,OO,OI,IA,AE,EO,OA,AI,II,II,II,II",72,67~90
I U O O O A O O O O I O A I E E O A A E U A O E O O U U A E U E O O U I O I I O U U U U U O O O E E E U U A O A U A O I U A U O O O O O I U U U O O E U U I E A U,"IU,UO,OO,OO,OA,AO,OO,OO,OO,OI,IO,OA,AI,IE,EE,EO,OA,AA,AE,EU,UA,AO,OE,EO,OO,OU,UU,UA,AE,EU,UE,EO,OO,OU,UI,IO,OI,II,IO,OU,UU,UU,UU,UU,UO,OO,OO,OE,EE,EE,EU,UU,UA,AO,OA,AU,UA,AO,OI,IU,UA,AU,UO,OO,OO,OO,OO,OI,IU,UU,UU,UO,OO,OE,EU,UU,UI,IE,EA,AU",81,67~90
E E A I O E A A A U A A I A U O E A U U A E E A E O I O A O U U U E A E U E O I E A U O U E U U E O I U A U I I U A E E E O A U U A A O U O O I A E O A U U I U A E O U O U O A I,"EE,EA,AI,IO,OE,EA,AA,AA,AU,UA,AA,AI,IA,AU,UO,OE,EA,AU,UU,UA,AE,EE,EA,AE,EO,OI,IO,OA,AO,OU,UU,UU,UE,EA,AE,EU,UE,EO,OI,IE,EA,AU,UO,OU,UE,EU,UU,UE,EO,OI,IU,UA,AU,UI,II,IU,UA,AE,EE,EE,EO,OA,AU,UU,UA,AA,AO,OU,UO,OO,OI,IA,AE,EO,OA,AU,UU,UI,IU,UA,AE,EO,OU,UO,OU,UO,OA,AI",89,67~90
A U A E O E E O U E I O I U U O U I A U E A A O I O E O I U I U U O E O I A I O O I U I A U A E U E U O E U O A O O E I E O A O A E A E E E O O I,"AU,UA,AE,EO,OE,EE,EO,OU,UE,EI,IO,OI,IU,UU,UO,OU,UI,IA,AU,UE,EA,AA,AO,OI,IO,OE,EO,OI,IU,UI,IU,UU,UO,OE,EO,OI,IA,AI,IO,OO,OI,IU,UI,IA,AU,UA,AE,EU,UE,EU,UO,OE,EU,UO,OA,AO,OO,OE,EI,IE,EO,OA,AO,OA,AE,EA,AE,EE,EE,EO,OO,OI",73,67~90
A O E A I I O U E I U E E E I A A I I U E U E I O A E U E I O I O A E O E I I E I A A O O O O E A O O O A U E A A E O U E A O U A I I A U I I,"AO,OE,EA,AI,II,IO,OU,UE,EI,IU,UE,EE,EE,EI,IA,AA,AI,II,IU,UE,EU,UE,EI,IO,OA,AE,EU,UE,EI,IO,OI,IO,OA,AE,EO,OE,EI,II,IE,EI,IA,AA,AO,OO,OO,OO,OE,EA,AO,OO,OO,OA,AU,UE,EA,AA,AE,EO,OU,UE,EA,AO,OU,UA,AI,II,IA,AU,UI,II",71,67~90
O I I I I U A U U U I I A U A U O O U A A E I O I O U E I E U U I A I U I E I A U O A O E A E A I I U O E E A I U O O O O E E U A I E A A U I U A,"OI,II,II,II,IU,UA,AU,UU,UU,UI,II,IA,AU,UA,AU,UO,OO,OU,UA,AA,AE,EI,IO,OI,IO,OU,UE,EI,IE,EU,UU,UI,IA,AI,IU,UI,IE,EI,IA,AU,UO,OA,AO,OE,EA,AE,EA,AI,II,IU,UO,OE,EE,EA,AI,IU,UO,OO,OO,OO,OE,EE,EU,UA,AI,IE,EA,AA,AU,UI,IU,UA",73,67~90
O E A I A A O U U I U U A E O E E A E O A U O O E U U U U O A U O A E E A A U A E O A U I U U U A E O U O E O A O O O A O A O E E U A E U O O O U I I,"OE,EA,AI,IA,AA,AO,OU,UU,UI,IU,UU,UA,AE,EO,OE,EE,EA,AE,EO,OA,AU,UO,OO,OE,EU,UU,UU,UU,UO,OA,AU,UO,OA,AE,EE,EA,AA,AU,UA,AE,EO,OA,AU,UI,IU,UU,UU,UA,AE,EO,OU,UO,OE,EO,OA,AO,OO,OO,OA,AO,OA,AO,OE,EE,EU,UA,AE,EU,UO,OO,OO,OU,UI,II",75,67~90
A O A E O A A A I U E I A A E A O U U A U A I E A E U E U E I O O U U I A A I O I A I I U O A A I E I I U O U U O U I I A U E U I I I O O E O I O U E A U O,"AO,OA,AE,EO,OA,AA,AA,AI,IU,UE,EI,IA,AA,AE,EA,AO,OU,UU,UA,AU,UA,AI,IE,EA,AE,EU,UE,EU,UE,EI,IO,OO,OU,UU,UI,IA,AA,AI,IO,OI,IA,AI,II,IU,UO,OA,AA,AI,IE,EI,II,IU,UO,OU,UU,UO,OU,UI,II,IA,AU,UE,EU,UI,II,II,IO,OO,OE,EO,OI,IO,OU,UE,EA,AU,UO",78,67~90
A E O I O O A A O E A I E I O O A A A U E O A I I A E O O A I U O O A A E U E A U A I A E U U O I O E O A O I E A I U I E A I O A A I I O I E U U O A I O E,"AE,EO,OI,IO,OO,OA,AA,AO,OE,EA,AI,IE,EI,IO,OO,OA,AA,AA,AU,UE,EO,OA,AI,II,IA,AE,EO,OO,OA,AI,IU,UO,OO,OA,AA,AE,EU,UE,EA,AU,UA,AI,IA,AE,EU,UU,UO,OI,IO,OE,EO,OA,AO,OI,IE,EA,AI,IU,UI,IE,EA,AI,IO,OA,AA,AI,II,IO,OI,IE,EU,UU,UO,OA,AI,IO,OE",78,67~90
A O O I U O E E E E O E A I I I I I U I E U U U I I I O O A A E U E I A U O A I I E I A E O O A I E U E A U I I O U I U E A O O I I O E A O I,"AO,OO,OI,IU,UO,OE,EE,EE,EE,EO,OE,EA,AI,II,II,II,II,IU,UI,IE,EU,UU,UU,UI,II,II,IO,OO,OA,AA,AE,EU,UE,EI,IA,AU,UO,OA,AI,II,IE,EI,IA,AE,EO,OO,OA,AI,IE,EU,UE,EA,AU,UI,II,IO,OU,UI,IU,UE,EA,AO,OO,OI,II,IO,OE,EA,AO,OI",71,67~90
I U I O U A U O O O A O A A O I O O U E E E O U I E E U E U O A E E E A I I A O U I O U U E O E I U O E E U O U I A O O U U E A E A U I I U I E E I U O I A O I I E I U,"IU,UI,IO,OU,UA,AU,UO,OO,OO,OA,AO,OA,AA,AO,OI,IO,OO,OU,UE,EE,EE,EO,OU,UI,IE,EE,EU,UE,EU,UO,OA,AE,EE,EE,EA,AI,II,IA,AO,OU,UI,IO,OU,UU,UE,EO,OE,EI,IU,UO,OE,EE,EU,UO,OU,UI,IA,AO,OO,OU,UU,UE,EA,AE,EA,AU,UI,II,IU,UI,IE,EE,EI,IU,UO,OI,IA,AO,OI,II,IE,EI,IU",84,67~90
U E A O I O U U A E O U U U U O A U U E I E E A U U A U A E A U O U O U I U I A U U I U E U O A O E I A A E I I A U I U I E U U I I O A E I I I I U E E I E I O,"UE,EA,AO,OI,IO,OU,UU,UA,AE,EO,OU,UU,UU,UU,UO,OA,AU,UU,UE,EI,IE,EE,EA,AU,UU,UA,AU,UA,AE,EA,AU,UO,OU,UO,OU,UI,IU,UI,IA,AU,UU,UI,IU,UE,EU,UO,OA,AO,OE,EI,IA,AA,AE,EI,II,IA,AU,UI,IU,UI,IE,EU,UU,UI,II,IO,OA,AE,EI,II,II,II,IU,UE,EE,EI,IE,EI,IO",80,67~90
E A E I E O I E I O E I A O I E A E I E E U O A E A A U U U I I U O A I A A A E O U O E A E A O I E E O E U E A E A U I I O E O A A I I A E A E O O I,"EA,AE,EI,IE,EO,OI,IE,EI,IO,OE,EI,IA,AO,OI,IE,EA,AE,EI,IE,EE,EU,UO,OA,AE,EA,AA,AU,UU,UU,UI,II,IU,UO,OA,AI,IA,AA,AA,AE,EO,OU,UO,OE,EA,AE,EA,AO,OI,IE,EE,EO,OE,EU,UE,EA,AE,EA,AU,UI,II,IO,OE,EO,OA,AA,AI,II,IA,AE,EA,AE,EO,OO,OI",75,67~90
E U U U O O A O O U I A O I U U O U E I O A I A A O I A O I O A E U U U A I O U O A E O O E A I I I U U U O E U A A E U O E I O O E U U I O A E O O A A E I O E A E I I U I E O,"EU,UU,UU,UO,OO,OA,AO,OO,OU,UI,IA,AO,OI,IU,UU,UO,OU,UE,EI,IO,OA,AI,IA,AA,AO,OI,IA,AO,OI,IO,OA,AE,EU,UU,UU,UA,AI,IO,OU,UO,OA,AE,EO,OO,OE,EA,AI,II,II,IU,UU,UU,UO,OE,EU,UA,AA,AE,EU,UO,OE,EI,IO,OO,OE,EU,UU,UI,IO,OA,AE,EO,OO,OA,AA,AE,EI,IO,OE,EA,AE,EI,II,IU,UI,IE,EO",88,67~90
E I O O A A U A I U O O O U E E U U A O E A O A E U I A U E E E I O E E E I O U I E U E I E A A I E I U A A A E I A U U O E I O O E U E A I I I U E U A O E E O E O U U U A I,"EI,IO,OO,OA,AA,AU,UA,AI,IU,UO,OO,OO,OU,UE,EE,EU,UU,UA,AO,OE,EA,AO,OA,AE,EU,UI,IA,AU,UE,EE,EE,EI,IO,OE,EE,EE,EI,IO,OU,UI,IE,EU,UE,EI,IE,EA,AA,AI,IE,EI,IU,UA,AA,AA,AE,EI,IA,AU,UU,UO,OE,EI,IO,OO,OE,EU,UE,EA,AI,II,II,IU,UE,EU,UA,AO,OE,EE,EO,OE,EO,OU,UU,UU,UA,AI",87,67~90
O O E O A O A O A O A E E A O A E I U O U A O U E E A A O U A A O O U A U A I E A I A E A I U A E A I U A E I A O A I E I O U U A I O E O I O I A U E I I A,"OO,OE,EO,OA,AO,OA,AO,OA,AO,OA,AE,EE,EA,AO,OA,AE,EI,IU,UO,OU,UA,AO,OU,UE,EE,EA,AA,AO,OU,UA,AA,AO,OO,OU,UA,AU,UA,AI,IE,EA,AI,IA,AE,EA,AI,IU,UA,AE,EA,AI,IU,UA,AE,EI,IA,AO,OA,AI,IE,EI,IO,OU,UU,UA,AI,IO,OE,EO,OI,IO,OI,IA,AU,UE,EI,II,IA",78,67~90
A A O A U A U A U I U A U A I I A O A U O A E U I I A I E U I E I I E E U A O U I U I I E E I U A E I E E U U U U I O I O A O O I A I I A I I E I I A U,"AA,AO,OA,AU,UA,AU,UA,AU,UI,IU,UA,AU,UA,AI,II,IA,AO,OA,AU,UO,OA,AE,EU,UI,II,IA,AI,IE,EU,UI,IE,EI,II,IE,EE,EU,UA,AO,OU,UI,IU,UI,II,IE,EE,EI,IU,UA,AE,EI,IE,EE,EU,UU,UU,UU,UI,IO,OI,IO,OA,AO,OO,OI,IA,AI,II,IA,AI,II,IE,EI,II,IA,AU",76,67~90
E E O I I A O E U U E A U A U A A U I U I A O E I I I O O O E E U E E O A I O I I U E O U U U I U A I U A A E E O I O E A I E I U I U A E I I A E,"EE,EO,OI,II,IA,AO,OE,EU,UU,UE,EA,AU,UA,AU,UA,AA,AU,UI,IU,UI,IA,AO,OE,EI,II,II,IO,OO,OO,OE,EE,EU,UE,EE,EO,OA,AI,IO,OI,II,IU,UE,EO,OU,UU,UU,UI,IU,UA,AI,IU,UA,AA,AE,EE,EO,OI,IO,OE,EA,AI,IE,EI,IU,UI,IU,UA,AE,EI,II,IA,AE",73,67~90
A I E O E I I U A I A U O U I A O I O U U U U U I U I I I A I U A I A U A A U A I U I E U O E U E E I I O I U E U U E I U I O O E E E O A O O A I E E E A I E O A,"AI,IE,EO,OE,EI,II,IU,UA,AI,IA,AU,UO,OU,UI,IA,AO,OI,IO,OU,UU,UU,UU,UU,UI,IU,UI,II,II,IA,AI,IU,UA,AI,IA,AU,UA,AA,AU,UA,AI,IU,UI,IE,EU,UO,OE,EU,UE,EE,EI,II,IO,OI,IU,UE,EU,UU,UE,EI,IU,UI,IO,OO,OE,EE,EE,EO,OA,AO,OO,OA,AI,IE,EE,EE,EA,AI,IE,EO,OA",81,67~90
U I E O A O I U I E I U E E O E E E I I A O O A O E E U U O O A U O A A I E O A I I I U U U U I U I U O E O E I A I A A I U E A O E O E I U O O A O I E,"UI,IE,EO,OA,AO,OI,IU,UI,IE,EI,IU,UE,EE,EO,OE,EE,EE,EI,II,IA,AO,OO,OA,AO,OE,EE,EU,UU,UO,OO,OA,AU,UO,OA,AA,AI,IE,EO,OA,AI,II,II,IU,UU,UU,UU,UI,IU,UI,IU,UO,OE,EO,OE,EI,IA,AI,IA,AA,AI,IU,UE,EA,AO,OE,EO,OE,EI,IU,UO,OO,OA,AO,OI,IE",76,67~90
U A I I E U I I E A A E U A E E A A O O I I O O E U O E O U U U O A E E O A I U O I U I E O U O I E A O I E U A I U I E A U A E O U A O E A U O A E I A O I O U O,"UA,AI,II,IE,EU,UI,II,IE,EA,AA,AE,EU,UA,AE,EE,EA,AA,AO,OO,OI,II,IO,OO,OE,EU,UO,OE,EO,OU,UU,UU,UO,OA,AE,EE,EO,OA,AI,IU,UO,OI,IU,UI,IE,EO,OU,UO,OI,IE,EA,AO,OI,IE,EU,UA,AI,IU,UI,IE,EA,AU,UA,AE,EO,OU,UA,AO,OE,EA,AU,UO,OA,AE,EI,IA,AO,OI,IO,OU,UO",81,67~90
A I A E I O I U U E O I E I I A U O A U E E I I U O O O A U O O O O I U A O U E U O O U I A A A I O A E E U U O E I I I U E U I I A E A E U I O I I A U A U E E I U O I A I U O O,"AI,IA,AE,EI,IO,OI,IU,UU,UE,EO,OI,IE,EI,II,IA,AU,UO,OA,AU,UE,EE,EI,II,IU,UO,OO,OO,OA,AU,UO,OO,OO,OO,OI,IU,UA,AO,OU,UE,EU,UO,OO,OU,UI,IA,AA,AA,AI,IO,OA,AE,EE,EU,UU,UO,OE,EI,II,II,IU,UE,EU,UI,II,IA,AE,EA,AE,EU,UI,IO,OI,II,IA,AU,UA,AU,UE,EE,EI,IU,UO,OI,IA,AI,IU,UO,OO",89,67~90
O A I U U A A I O A O E A A I A U O I E I U O U E A O O O I E I E U I A I O O A I A A U O O O I I E O I A I I O A O U A I A O A U I I U O E E I U O O U,"OA,AI,IU,UU,UA,AA,AI,IO,OA,AO,OE,EA,AA,AI,IA,AU,UO,OI,IE,EI,IU,UO,OU,UE,EA,AO,OO,OO,OI,IE,EI,IE,EU,UI,IA,AI,IO,OO,OA,AI,IA,AA,AU,UO,OO,OO,OI,II,IE,EO,OI,IA,AI,II,IO,OA,AO,OU,UA,AI,IA,AO,OA,AU,UI,II,IU,UO,OE,EE,EI,IU,UO,OO,OU",76,67~90
O O A E A O A A U E O E U O A E I E O A I U I I A E I U A A U I A O I U I I I A E A U I E A O A O O E E E E U A E I U I I A U O O U O U U E U A E U A A E I A E U I A I U E I A E,"OO,OA,AE,EA,AO,OA,AA,AU,UE,EO,OE,EU,UO,OA,AE,EI,IE,EO,OA,AI,IU,UI,II,IA,AE,EI,IU,UA,AA,AU,UI,IA,AO,OI,IU,UI,II,II,IA,AE,EA,AU,UI,IE,EA,AO,OA,AO,OO,OE,EE,EE,EE,EU,UA,AE,EI,IU,UI,II,IA,AU,UO,OO,OU,UO,OU,UU,UE,EU,UA,AE,EU,UA,AA,AE,EI,IA,AE,EU,UI,IA,AI,IU,UE,EI,IA,AE",89,67~90
E O O E I U O A O I A O I I U O I E I A O E E I A O A O U I I E I I I I O A A A U I O U U U E I O E U U E A U A O U O E U U O I I U E I U E U,"EO,OO,OE,EI,IU,UO,OA,AO,OI,IA,AO,OI,II,IU,UO,OI,IE,EI,IA,AO,OE,EE,EI,IA,AO,OA,AO,OU,UI,II,IE,EI,II,II,II,IO,OA,AA,AA,AU,UI,IO,OU,UU,UU,UE,EI,IO,OE,EU,UU,UE,EA,AU,UA,AO,OU,UO,OE,EU,UU,UO,OI,II,IU,UE,EI,IU,UE,EU",71,67~90
U I E O A E U A E I I U U E A A O O U U O I E O U A E I O I I I O A I U I U A U O I A O A A E O E I U I U U O U O A E I A I U O A U O E I A I I U O E U O E I E I O E U A E I O O,"UI,IE,EO,OA,AE,EU,UA,AE,EI,II,IU,UU,UE,EA,AA,AO,OO,OU,UU,UO,OI,IE,EO,OU,UA,AE,EI,IO,OI,II,II,IO,OA,AI,IU,UI,IU,UA,AU,UO,OI,IA,AO,OA,AA,AE,EO,OE,EI,IU,UI,IU,UU,UO,OU,UO,OA,AE,EI,IA,AI,IU,UO,OA,AU,UO,OE,EI,IA,AI,II,IU,UO,OE,EU,UO,OE,EI,IE,EI,IO,OE,EU,UA,AE,EI,IO,OO",89,67~90
