Unnamed: 0,input,target,bins,input_ru,pred
0,"I have a cauliflower, a potato, a cabbage, a garlic, a yam, a lettuce head, a carrot, two stalks of celery, four heads of broccoli, and an onion.",14,13~18,"У мене є цвітна капуста, картопля, капуста, часник, батат, головка салату, морква, два стебла селери, чотири головки брокколі та цибуля.",Output: 14
1,"I have a cabbage, a clarinet, a carrot, an onion, a lettuce head, a garlic, a yam, four cauliflowers, a potato, and a head of broccoli.",13,13~18,"У мене є капуста, кларнет, морква, цибуля, качан салату, часник, ямс, чотири цвітні капусти, картопля та качан брокколі.",Output: 11
2,"I have a lamp, two cars, a table, a chair, a fridge, two couches, an oven, a toaster, a microwave, and four stoves.",15,13~18,"У мене є лампа, дві машини, стіл, стілець, холодильник, дві кушетки, духовка, тостер, мікрохвильова піч і чотири плити.",Output: 15
3,"I have two plums, a raspberry, a blackberry, four peaches, an orange, four strawberries, a grape, two nectarines, and an apple.",17,13~18,"У мене є дві сливи, малина, ожина, чотири персики, апельсин, чотири полуниці, виноград, два нектарини і яблуко.",Output: 16
4,"I have three lettuce heads, four stalks of celery, a yam, a garlic, a flute, two carrots, and a cabbage.",13,13~18,"У мене є три головки салату, чотири стебла селери, ямс, часник, флейта, дві моркви та капуста.",Output: 13
5,"I have a toaster, a lamp, a fridge, two microwaves, a car, a table, five couches, a chair, and an oven.",14,13~18,"У мене є тостер, лампа, холодильник, дві мікрохвильовки, машина, стіл, п'ять диванів, стілець і духовка.",Output: 13
6,"I have a lamp, two toasters, four beds, an oven, a stove, a table, a chair, a fridge, and two cars.",14,13~18,"У мене є лампа, два тостери, чотири ліжка, духовка, плита, стіл, стілець, холодильник і дві машини.",Output: 13
7,"I have a plum, two strawberries, two oranges, a blackberry, two grapes, three nectarines, a banana, an apple, and a peach.",14,13~18,"У мене є слива, дві полуниці, два апельсини, ожина, два винограду, три нектарини, банан, яблуко та персик.",Output: 15
8,"I have a trombone, three clarinets, three rabbits, a trumpet, a flute, a piano, an accordion, a violin, and a drum.",13,13~18,"У мене є тромбон, три кларнети, три зайці, труба, флейта, піаніно, акордеон, скрипка і барабан.",Output: 13
9,"I have four apples, a banana, a nectarine, four peaches, an orange, a raspberry, a drum, and four flutes.",17,13~18,"У мене є чотири яблука, банан, нектарин, чотири персики, апельсин, малина, барабан і чотири флейти.",Output: 14
10,"I have three pianos, a flute, a trumpet, a trombone, a violin, a clarinet, four drums, and two accordions.",14,13~18,"У мене є три фортепіано, флейта, труба, тромбон, скрипка, кларнет, чотири барабани і два акордеони.",Output: 13
11,"I have four dogs, a rabbit, two bears, a fish, a cat, a frog, a duck, a donkey, a cow, and a goat.",14,13~18,"У мене є чотири собаки, кролик, два ведмеді, риба, кішка, жаба, качка, осел, корова і коза.",Output: 13
12,"I have a garlic, a cabbage, a cauliflower, a donkey, four potatoes, a stalk of celery, two mice, a snail, and three onions.",15,13~18,"У мене є часник, капуста, цвітна капуста, ослик, чотири картоплини, стебло селери, дві миші, равлик і три цибулини.",Output: 14
13,"I have two stoves, a couch, a toaster, a chair, a fridge, two microwaves, an oven, two lamps, a table, and a bed.",13,13~18,"У мене є дві плити, диван, тостер, стілець, холодильник, дві мікрохвильовки, духовка, дві лампи, стіл і ліжко.",Output: 12
14,"I have a dog, a cow, a snake, a mouse, a rabbit, three cats, a bear, four goats, and two chickens.",15,13~18,"У мене є собака, корова, змія, мишка, кролик, три коти, ведмідь, чотири кози і дві курки.",Output: 14
15,"I have a nectarine, a banana, a blackberry, two raspberries, an apple, five grapes, a peach, and a strawberry.",13,13~18,"У мене є нектарин, банан, ожина, дві малини, яблуко, п’ять виноградин, персик і полуниця.",Output: 13
16,"I have a frog, a dog, four goats, two fish, a duck, a cow, a chicken, a cat, and a mouse.",13,13~18,"У мене є жаба, собака, чотири кози, дві рибки, качка, корова, курка, кішка і мишка.",Output: 13
17,"I have a nectarine, five blackberries, a plum, a peach, a strawberry, a raspberry, an apple, four bananas, an orange, and a grape.",17,13~18,"У мене є нектарин, п’ять ягід ожини, слива, персик, полуниця, малина, яблуко, чотири банани, апельсин і виноград.",Output: 16
18,"I have a raspberry, a blackberry, a plum, two peaches, two strawberries, an apple, a grape, five bananas, an orange, and a nectarine.",16,13~18,"У мене є малина, ожина, слива, два персики, дві полуниці, яблуко, виноград, п’ять бананів, апельсин і нектарин.",Output: 15
19,"I have four cars, a lamp, a table, three fridges, a chair, two stoves, a couch, a microwave, and a toaster.",15,13~18,"У мене чотири машини, лампа, стіл, три холодильники, стілець, дві плити, диван, мікрохвильова піч і тостер.",Output: 14
20,"I have a mouse, three snails, two dogs, a snake, two ducks, a donkey, a bear, a cow, and a frog.",13,13~18,"У мене є мишка, три равлики, дві собаки, змія, дві качки, осел, ведмідь, корова і жаба.",Output: 13
21,"I have a peach, a cauliflower, a garlic, three bananas, a nectarine, an orange, a plum, a grape, a raspberry, a head of broccoli, and a strawberry.",13,13~18,"У мене є персик, цвітна капуста, часник, три банани, нектарин, апельсин, слива, виноград, малина, головка брокколі та полуниця.",Output: 12
22,"I have two strawberries, a raspberry, a plum, four oranges, an apple, two blackberries, two grapes, and two nectarines.",15,13~18,"У мене є дві полуниці, малина, слива, чотири апельсини, яблуко, дві ожини, два винограду та два нектарини.",Output: 15
23,"I have a yam, three heads of broccoli, an onion, three cauliflowers, a carrot, a garlic, a potato, and three stalks of celery.",14,13~18,"У мене є ямс, три головки брокколі, цибуля, три цвітні капусти, морква, часник, картопля і три стебла селери.",Output: 14
24,"I have a peach, a blackberry, two apples, a raspberry, a strawberry, a nectarine, a grape, a plum, three oranges, and a banana.",13,13~18,"У мене є персик, ожина, два яблука, малина, полуниця, нектарин, виноград, слива, три апельсини та банан.",Output: 13
25,"I have a carrot, a garlic, a potato, a couch, two lettuce heads, a stalk of celery, a cabbage, a cauliflower, a lamp, a yam, a car, and a head of broccoli.",13,13~18,"У мене є морква, часник, картопля, диван, дві головки салату, стебло селери, капуста, цвітна капуста, лампа, ямс, машина та головка брокколі.",Output: 12
26,"I have a fridge, a car, a lamp, a couch, two ovens, two stoves, three microwaves, a toaster, and a chair.",13,13~18,"У мене є холодильник, машина, лампа, диван, дві духовки, дві плити, три мікрохвильові печі, тостер і стілець.",Output: 12
27,"I have four chairs, an orange, a blackberry, four strawberries, a grape, three raspberries, and a banana.",15,13~18,"У мене є чотири стільці, апельсин, ожина, чотири полуниці, виноград, три малини і банан.",Output: 15
28,"I have four raspberries, a banana, a nectarine, a peach, three apples, an orange, a strawberry, and a blackberry.",13,13~18,"У мене є чотири ягоди малини, банан, нектарин, персик, три яблука, апельсин, полуниця та ожина.",Output: 13
29,"I have three pianos, a violin, a clarinet, a trombone, two accordions, a trumpet, three flutes, and a drum.",13,13~18,"У мене є три піаніно, скрипка, кларнет, тромбон, два акордеони, труба, три флейти і барабан.",Output: 13
30,"I have four apples, three blackberries, a plum, two microwaves, a nectarine, an orange, a grape, a peach, and a raspberry.",15,13~18,"У мене є чотири яблука, три ягоди ожини, слива, дві мікрохвильові печі, нектарин, апельсин, виноград, персик і малина.",Output: 15
31,"I have three cauliflowers, three heads of broccoli, two yams, an onion, a carrot, a lettuce head, a potato, and a cabbage.",13,13~18,"У мене є три цвітні капусти, три головки брокколі, два ямсу, цибуля, морква, головка салату, картопля та капуста.",Output: 14
32,"I have a plum, a chicken, two blackberries, a bear, an apple, three grapes, two cats, and two oranges.",13,13~18,"У мене є слива, курка, дві ожини, ведмідь, яблуко, три виноградини, два кота і два апельсини.",Output: 12
33,"I have a mouse, a cow, a bear, two rabbits, a fish, a cat, a chicken, and five snakes.",13,13~18,"У мене є мишка, корова, ведмідь, два зайці, рибка, кішка, курка і п'ять змій.",Output: 12
34,"I have a bear, a mouse, a duck, a snake, a snail, a chicken, a donkey, a cow, four goats, and a rabbit.",13,13~18,"У мене є ведмідь, мишка, качка, змія, равлик, курка, осел, корова, чотири кози і кролик.",Output: 11
35,"I have a car, an oven, a microwave, two fridges, a chair, a lamp, a toaster, three stoves, and four tables.",15,13~18,"У мене є машина, духовка, мікрохвильова піч, два холодильники, стілець, лампа, тостер, три плити і чотири столи.",Output: 15
36,"I have a peach, a banana, three apples, two nectarines, a strawberry, a blackberry, two raspberries, a grape, an orange, and a plum.",14,13~18,"У мене є персик, банан, три яблука, два нектарини, полуниця, ожина, дві малини, виноград, апельсин і слива.",Output: 14
37,"I have a table, a chair, four cars, an oven, a bed, a microwave, a stove, a couch, four lamps, and a toaster.",16,13~18,"У мене є стіл, стілець, чотири машини, духовка, ліжко, мікрохвильова піч, плита, диван, чотири лампи і тостер.",Output: 16
38,"I have a blackberry, a strawberry, three tables, an orange, a raspberry, three peaches, a nectarine, a couch, and two lamps.",14,13~18,"У мене є ожина, полуниця, три столи, апельсин, малина, три персики, нектарин, диван і дві лампи.",Output: 13
39,"I have a couch, four microwaves, two lamps, a stove, a fridge, a car, two ovens, and a chair.",13,13~18,"У мене є диван, чотири мікрохвильовки, дві лампи, плита, холодильник, машина, дві духовки і стілець.",Output: 13
40,"I have a head of broccoli, a potato, three onions, three cabbages, a snail, a stalk of celery, a yam, a lettuce head, a carrot, and a garlic.",14,13~18,"У мене є головка брокколі, картоплина, три цибулини, три капусти, равлик, стебло селери, ямс, головка салату, морква і часник.",Output: 14
41,"I have three carrots, two stalks of celery, three yams, a cabbage, a lettuce head, an onion, a cauliflower, and a head of broccoli.",13,13~18,"У мене є три моркви, два стебла селери, три ямсу, капуста, качан салату, цибуля, цвітна капуста та качан брокколі.",Output: 13
42,"I have a table, three couches, an oven, a bed, a fridge, three chairs, three lamps, a car, a toaster, and a stove.",16,13~18,"У мене є стіл, три кушетки, духовка, ліжко, холодильник, три стільці, три лампи, машина, тостер і плита.",Output: 16
43,"I have five raspberries, a banana, a peach, an apple, a blackberry, a nectarine, a grape, an orange, and two strawberries.",14,13~18,"У мене є п’ять малин, банан, персик, яблуко, ожина, нектарин, виноград, апельсин і дві полуниці.",Output: 13
44,"I have a trumpet, a frog, a cow, two ducks, a flute, a trombone, a clarinet, a piano, a violin, two accordions, and three drums.",15,13~18,"У мене є труба, жаба, корова, дві качки, сопілка, тромбон, кларнет, піаніно, скрипка, два баяни і три барабани.",Output: 14
45,"I have a couch, two ovens, a table, a lamp, two stoves, five microwaves, and a fridge.",13,13~18,"У мене є диван, дві духовки, стіл, лампа, дві плити, п'ять мікрохвильовок і холодильник.",Output: 12
46,"I have three trombones, a piano, a flute, a clarinet, a violin, four accordions, a drum, and a trumpet.",13,13~18,"Маю три тромбони, фортепіано, флейту, кларнет, скрипку, чотири акордеони, барабан і трубу.",Output: 12
47,"I have three mice, a rabbit, a pig, a chicken, a cow, a cat, three snakes, four snails, a dog, and a frog.",17,13~18,"У мене є три мишки, кролик, свиня, курка, корова, кішка, три змії, чотири равлики, собака і жаба.",Output: 16
48,"I have a snail, two dogs, a chicken, a mouse, a donkey, a rabbit, three frogs, two snakes, a goat, and a duck.",14,13~18,"У мене є равлик, дві собаки, курка, мишка, осел, кролик, три жаби, дві змії, коза і качка.",Output: 13
49,"I have a garlic, an onion, a yam, a stalk of celery, three carrots, a cauliflower, a cabbage, a potato, a lettuce head, two cars, a table, and a head of broccoli.",15,13~18,"У мене є часник, цибуля, ямс, стебло селери, три морквини, цвітна капуста, капуста, картопля, качан салату, дві машини, стіл і качан брокколі.",Output: 14
50,"I have three strawberries, a flute, an accordion, two pianos, a trombone, a clarinet, a trumpet, a peach, a raspberry, a violin, and a drum.",14,13~18,"У мене є три полуниці, сопілка, акордеон, два піаніно, тромбон, кларнет, труба, персик, малина, скрипка і барабан.",Output: 14
51,"I have a garlic, a potato, an onion, a head of broccoli, five cabbages, a lettuce head, a stalk of celery, a cauliflower, and two carrots.",14,13~18,"У мене є часник, картопля, цибуля, качан брокколі, п’ять капустин, качан салату, стебло селери, цвітна капуста і дві моркви.",Output: 14
52,"I have two cabbages, two garlics, an onion, a chicken, a lettuce head, a stalk of celery, a head of broccoli, a cauliflower, a yam, two carrots, and three mice.",16,13~18,"У мене є дві капусти, два часнику, цибуля, курка, качан салату, стебло селери, качан брокколі, цвітна капуста, ямс, дві моркви і три миші.",Output: 16
53,"I have a fridge, two ovens, a stove, three tables, a bed, a microwave, a couch, a toaster, and two cars.",13,13~18,"У мене є холодильник, дві духовки, плита, три столи, ліжко, мікрохвильова піч, диван, тостер і дві машини.",Output: 13
54,"I have a snake, a bear, two potatoes, two cats, a cauliflower, a cow, a frog, a head of broccoli, a fish, a pig, a chicken, a donkey, and a snail.",15,13~18,"У мене є змія, ведмідь, дві картоплини, два кота, цвітна капуста, корова, жаба, головка брокколі, риба, свиня, курка, осел і равлик.",Output: 14
55,"I have three potatoes, a yam, an onion, three cabbages, a cauliflower, two garlics, a lettuce head, a head of broccoli, and three carrots.",16,13~18,"У мене є три картоплини, ямс, цибуля, три капусти, цвітна капуста, два часнику, головка салату, головка брокколі та три моркви.",Output: 16
56,"I have a dog, two cows, two fish, a rabbit, a chicken, a cat, a drum, a frog, a bear, a violin, and a goat.",13,13~18,"У мене є собака, дві корови, дві рибки, заєць, курка, кішка, барабан, жаба, ведмідь, скрипка і коза.",Output: 12
57,"I have an oven, a table, three beds, a stove, three lamps, a car, a fridge, a chair, and a microwave.",13,13~18,"У мене є піч, стіл, три ліжка, плита, три лампи, машина, холодильник, стілець і мікрохвильова піч.",Output: 12
58,"I have an orange, a blackberry, a nectarine, a donkey, a cow, a raspberry, a duck, an apple, a strawberry, a grape, two bananas, a plum, and a peach.",14,13~18,"У мене є апельсин, ожина, нектарин, осел, корова, малина, качка, яблуко, полуниця, виноград, два банани, слива і персик.",Output: 14
59,"I have a couch, five chairs, a fridge, a lamp, an oven, three beds, a table, a toaster, and a microwave.",15,13~18,"У мене є диван, п'ять стільців, холодильник, лампа, духовка, три ліжка, стіл, тостер і мікрохвильова піч.",Output: 14
60,"I have a trumpet, two trombones, an orange, an accordion, a piano, a violin, two clarinets, a drum, three flutes, and a raspberry.",14,13~18,"У мене є труба, два тромбони, апельсин, акордеон, піаніно, скрипка, два кларнети, барабан, три флейти і малина.",Output: 13
61,"I have three cars, a table, three couches, three beds, a microwave, a chair, a toaster, a lamp, an oven, and two fridges.",17,13~18,"У мене є три машини, стіл, три дивани, три ліжка, мікрохвильова піч, стілець, тостер, лампа, духовка і два холодильники.",Output: 16
62,"I have a dog, a rabbit, a mouse, a donkey, a cat, four frogs, a pig, a duck, a snake, and a goat.",13,13~18,"У мене є собака, кролик, мишка, осел, кіт, чотири жаби, свиня, качка, змія і коза.",Output: 11
63,"I have three grapes, an accordion, a blackberry, three peaches, a nectarine, a raspberry, an orange, an apple, four strawberries, and a banana.",17,13~18,"У мене є три виноградини, акордеон, ожина, три персики, нектарин, малина, апельсин, яблуко, чотири полуниці і банан.",Output: 16
64,"I have an apple, a banana, a drum, an orange, a grape, a trombone, three accordions, a raspberry, four blackberries, two peaches, and a nectarine.",17,13~18,"У мене є яблуко, банан, барабан, апельсин, виноград, тромбон, три гармошки, малина, чотири ягоди ожини, два персика і нектарин.",Output: 16
65,"I have a trumpet, a drum, a violin, three flutes, two accordions, a clarinet, a trombone, a piano, a carrot, and two onions.",14,13~18,"У мене є труба, барабан, скрипка, три флейти, два баяни, кларнет, тромбон, піаніно, морква і дві цибулини.",Output: 13
66,"I have a bear, three fish, a frog, a mouse, three cows, a snake, a chicken, a duck, and a chair.",13,13~18,"У мене є ведмідь, три рибки, жаба, мишка, три корови, змія, курка, качка і стілець.",Output: 12
67,"I have a cat, a frog, a bear, a snail, a mouse, a rabbit, three dogs, a duck, three cows, and a chicken.",14,13~18,"У мене є кіт, жаба, ведмідь, равлик, мишка, кролик, три собаки, качка, три корови і курка.",Output: 13
68,"I have three goats, a chicken, a fish, three pigs, three frogs, a snail, an onion, a donkey, a mouse, and a rabbit.",16,13~18,"У мене є три кози, курка, риба, три свині, три жаби, равлик, цибуля, осел, мишка і кролик.",Output: 16
69,"I have a cauliflower, two cabbages, three fish, a stalk of celery, a head of broccoli, a garlic, an onion, and four snails.",14,13~18,"У мене є цвітна капуста, дві капусти, три рибини, стебло селери, головка брокколі, часник, цибуля і чотири равлики.",Output: 14
70,"I have four yams, a cabbage, a cauliflower, a lamp, a potato, a head of broccoli, a stove, a carrot, a garlic, an onion, a bed, and a stalk of celery.",15,13~18,"У мене є чотири ямси, капуста, цвітна капуста, лампа, картопля, головка брокколі, плита, морква, часник, цибуля, грядка і стебло селери.",Output: 12
71,"I have a cow, a cat, two bears, a duck, a rabbit, two chickens, three snakes, a grape, a nectarine, a strawberry, and a frog.",15,13~18,"У мене є корова, кішка, два ведмеді, качка, кролик, дві курки, три змії, виноград, нектарин, полуниця і жаба.",Output: 15
72,"I have a peach, a snake, two apples, a blackberry, two raspberries, a mouse, a plum, an orange, a nectarine, a strawberry, a banana, and a grape.",14,13~18,"У мене є персик, змія, два яблука, ожина, дві малини, мишка, слива, апельсин, нектарин, полуниця, банан і виноград.",Output: 13
73,"I have two carrots, two cabbages, a potato, a garlic, three onions, a trumpet, a yam, a stalk of celery, a lettuce head, a cauliflower, and a clarinet.",15,13~18,"У мене є дві морквини, дві капусти, картоплина, часник, три цибулини, труба, ямс, стебло селери, качан салату, цвітна капуста і кларнет.",Output: 15
74,"I have a plum, a banana, a blackberry, a nectarine, a raspberry, an orange, a peach, four heads of broccoli, a grape, an apple, and a strawberry.",14,13~18,"У мене є слива, банан, ожина, нектарин, малина, апельсин, персик, чотири головки брокколі, виноград, яблуко та полуниця.",Output: 12
75,"I have an onion, a potato, four stalks of celery, a yam, a cabbage, three garlics, a carrot, a cauliflower, a couch, two lettuce heads, a head of broccoli, and a lamp.",18,18~25,"У мене є цибуля, картопля, чотири стебла селери, ямс, капуста, три часнику, морква, цвітна капуста, диван, дві головки салату, головка брокколі та лампа.",Output: 17
76,"I have two rabbits, a mouse, two snails, a bear, a pig, a blackberry, a cat, two donkeys, a goat, a cow, and five snakes.",18,18~25,"У мене є два кролики, мишка, два равлики, ведмідь, свиня, ожина, кішка, два осла, коза, корова і п'ять змій.",Output: 17
77,"I have a stove, a couch, a lamp, two fridges, a bed, four ovens, a car, four toasters, a microwave, and five chairs.",21,18~25,"У мене є плита, диван, лампа, два холодильники, ліжко, чотири духовки, машина, чотири тостери, мікрохвильова піч і п'ять стільців.",Output: 20
78,"I have a dog, four chickens, four donkeys, three pigs, four bears, three mice, and a cat.",20,18~25,"У мене є собака, чотири курки, чотири осли, три свині, чотири ведмеді, три миші і кіт.",Output: 20
79,"I have a piano, four flutes, three violins, a stalk of celery, two drums, two lettuce heads, a trumpet, a potato, an accordion, a clarinet, and three trombones.",20,18~25,"У мене є піаніно, чотири флейти, три скрипки, стебло селери, два барабани, дві головки салату, труба, картопля, акордеон, кларнет і три тромбони.",Output: 20
80,"I have a garlic, three cauliflowers, five cabbages, a yam, a nectarine, a stalk of celery, a strawberry, a head of broccoli, an onion, four potatoes, and a carrot.",20,18~25,"У мене є часник, три капусти, п’ять капусти, ямс, нектарин, стебло селери, полуниця, головка брокколі, цибуля, чотири картоплини та морква.",Output: 18
81,"I have an onion, a head of broccoli, a potato, a yam, four stalks of celery, four garlics, a carrot, a cabbage, three lettuce heads, and a cauliflower.",18,18~25,"У мене є цибуля, головка брокколі, картопля, батат, чотири стебла селери, чотири часнику, морква, капуста, три головки салату та цвітна капуста.",Output: 18
82,"I have three apples, a garlic, two raspberries, a nectarine, two oranges, a stalk of celery, a peach, a plum, three blackberries, a potato, and four strawberries.",20,18~25,"У мене є три яблука, часник, дві малини, нектарин, два апельсини, стебло селери, персик, слива, три ожини, картоплина і чотири полуниці.",Output: 20
83,"I have a blackberry, two carrots, a raspberry, a yam, three garlics, a potato, a cauliflower, three cabbages, an onion, a lettuce head, an orange, and three stalks of celery.",19,18~25,"У мене є ожина, дві моркви, малина, ямс, три часнику, картопля, цвітна капуста, три капусти, цибуля, качан салату, апельсин і три стебла селери.",Output: 18
84,"I have an apple, three blackberries, two strawberries, four nectarines, a banana, an orange, a peach, a plum, a raspberry, five grapes, and a flute.",21,18~25,"У мене є яблуко, три ягоди ожини, дві полуниці, чотири нектарини, банан, апельсин, персик, слива, малина, п’ять виноградин і флейта.",Output: 21
85,"I have a grape, two plums, two strawberries, a banana, two blackberries, two nectarines, three donkeys, a peach, three dogs, an apple, an orange, a snake, and a raspberry.",21,18~25,"У мене є виноград, дві сливи, дві полуниці, банан, дві ожини, два нектарини, три осла, персик, три собаки, яблуко, апельсин, змія та малина.",Output: 20
86,"I have a stove, two toasters, a fridge, a bed, two couches, three chairs, three ovens, a microwave, a table, and five cars.",20,18~25,"У мене є плита, два тостери, холодильник, ліжко, два дивани, три стільці, три духовки, мікрохвильова піч, стіл і п'ять машин.",Output: 20
87,"I have a stalk of celery, a lettuce head, five cabbages, a garlic, a grape, an onion, a cauliflower, a strawberry, two carrots, a potato, a yam, a nectarine, and a head of broccoli.",18,18~25,"У мене є стебло селери, качан салату, п’ять капустин, часник, виноград, цибуля, цвітна капуста, полуниця, дві моркви, картопля, ямс, нектарин і качан брокколі.",Output: 16
88,"I have four stoves, a fridge, a table, three toasters, a chair, a car, two beds, an oven, and four couches.",18,18~25,"У мене є чотири плити, холодильник, стіл, три тостери, стілець, машина, два ліжка, духовка і чотири дивани.",Output: 18
89,"I have a cow, a carrot, a cat, three donkeys, two frogs, a stalk of celery, a goat, a cabbage, a dog, two pigs, a fish, a snail, and four rabbits.",20,18~25,"У мене є корова, морква, кіт, три осла, дві жаби, стебло селери, коза, капуста, собака, дві свині, риба, равлик і чотири кролика.",Output: 20
90,"I have a pig, a table, five snakes, a cow, a bear, a microwave, three fish, a rabbit, a mouse, three frogs, a chicken, two cats, and a bed.",22,18~25,"У мене є свиня, стіл, п'ять змій, корова, ведмідь, мікрохвильова піч, три рибки, кролик, мишка, три жаби, курка, два кота і ліжко.",Output: 21
91,"I have a head of broccoli, a car, a carrot, a stalk of celery, four cabbages, five potatoes, an onion, a toaster, a yam, an oven, and a garlic.",18,18~25,"У мене є головка брокколі, машина, морква, стебло селери, чотири капусти, п’ять картоплин, цибуля, тостер, ямс, духовка та часник.",Output: 14
92,"I have five dogs, two donkeys, a cat, a pig, a mouse, three bears, a snail, a rabbit, two fish, and a cow.",18,18~25,"У мене п’ять собак, два ослика, кіт, свиня, мишка, три ведмеді, равлик, кролик, дві рибки та корова.",Output: 18
93,"I have four cabbages, a stalk of celery, a potato, a carrot, three cauliflowers, an apple, a garlic, a lettuce head, two heads of broccoli, an orange, an onion, and four bananas.",21,18~25,"У мене є чотири капусти, стебло селери, картопля, морква, три цвітні капусти, яблуко, часник, головка салату, дві головки брокколі, апельсин, цибуля та чотири банани.",Output: 21
94,"I have a bed, five toasters, a microwave, four chairs, four fridges, a table, an oven, and a couch.",18,18~25,"У мене є ліжко, п'ять тостерів, мікрохвильова піч, чотири стільці, чотири холодильники, стіл, духовка і диван.",Output: 18
95,"I have five drums, three accordions, two flutes, three trumpets, a clarinet, a piano, a violin, and two trombones.",18,18~25,"У мене п’ять барабанів, три акордеони, дві флейти, три труби, кларнет, піаніно, скрипка і два тромбони.",Output: 17
96,"I have a raspberry, a grape, a peach, an orange, a car, three plums, an apple, a nectarine, three bananas, a strawberry, a blackberry, four fridges, and a stove.",20,18~25,"У мене є малина, виноград, персик, апельсин, машина, три сливи, яблуко, нектарин, три банани, полуниця, ожина, чотири холодильники і плита.",Output: 17
97,"I have a head of broccoli, three onions, a carrot, two lettuce heads, four stalks of celery, a cauliflower, a yam, a potato, three cabbages, and a garlic.",18,18~25,"У мене є головка брокколі, три цибулини, морква, дві головки салату, чотири стебла селери, цвітна капуста, ямс, картопля, три капусти та часник.",Output: 18
98,"I have three donkeys, a chicken, three bears, a mouse, two goats, three snakes, a frog, a snail, two pigs, and a cow.",18,18~25,"У мене є три осла, курка, три ведмеді, мишка, дві кози, три змії, жаба, равлик, дві свині та корова.",Output: 17
99,"I have a banana, a plum, a raspberry, an apple, two blackberries, a grape, an orange, a strawberry, three peaches, a garlic, and five nectarines.",18,18~25,"У мене є банан, слива, малина, яблуко, дві ожини, виноград, апельсин, полуниця, три персики, часник і п’ять нектаринів.",Output: 16
100,"I have two strawberries, an orange, two raspberries, three plums, a peach, a blackberry, a nectarine, a banana, a grape, and five apples.",18,18~25,"У мене є дві полуниці, апельсин, дві малини, три сливи, персик, ожина, нектарин, банан, виноград і п’ять яблук.",Output: 17
101,"I have a lettuce head, a yam, a stalk of celery, a potato, four cabbages, four garlics, a cow, four onions, a cauliflower, a head of broccoli, and a carrot.",20,18~25,"У мене є головка салату, ямс, стебло селери, картопля, чотири капусти, чотири часнику, корова, чотири цибулини, цвітна капуста, головка брокколі та морква.",Output: 20
102,"I have three snakes, three cats, a dog, a cow, three snails, a donkey, a goat, a duck, three pigs, and a fish.",18,18~25,"У мене є три змії, три кішки, собака, корова, три равлики, осел, коза, качка, три свині та риба.",Output: 18
103,"I have two plums, a banana, a strawberry, three blackberries, a cauliflower, a head of broccoli, a raspberry, two grapes, five nectarines, and a peach.",18,18~25,"У мене є дві сливи, банан, полуниця, три ягоди ожини, цвітна капуста, головка брокколі, малина, два винограду, п’ять нектаринів і персик.",Output: 17
104,"I have a plum, a grape, an orange, three raspberries, four strawberries, four nectarines, three bananas, an apple, and a peach.",19,18~25,"У мене є слива, виноград, апельсин, три малини, чотири полуниці, чотири нектарини, три банани, яблуко та персик.",Output: 19
105,"I have a peach, a blackberry, a grape, three apples, a banana, four plums, two strawberries, a nectarine, three raspberries, and an orange.",18,18~25,"У мене є персик, ожина, виноград, три яблука, банан, чотири сливи, дві полуниці, нектарин, три малини і апельсин.",Output: 17
106,"I have a yam, four stalks of celery, a bed, two lettuce heads, four couches, a potato, an onion, a head of broccoli, three garlics, and a carrot.",19,18~25,"У мене є ямс, чотири стебла селери, грядка, дві головки салату, чотири кушетки, картопля, цибуля, головка брокколі, три часнику і морква.",Output: 20
107,"I have three fish, a dog, a snail, a duck, a chicken, a goat, a bear, five snakes, a rabbit, and three mice.",18,18~25,"У мене є три риби, собака, равлик, качка, курка, коза, ведмідь, п'ять змій, кролик і три мишки.",Output: 16
108,"I have two nectarines, two goats, three ducks, two dogs, a strawberry, a frog, a raspberry, three snakes, a rabbit, a cat, a donkey, a snail, and two chickens.",21,18~25,"У мене два нектарини, дві кози, три качки, дві собаки, полуниця, жаба, малина, три змії, кролик, кіт, осел, равлик і двоє курей.",Output: 21
109,"I have three potatoes, five cabbages, a lettuce head, three peaches, a head of broccoli, an onion, two oranges, a raspberry, a cauliflower, and a stalk of celery.",19,18~25,"У мене є три картоплини, п’ять капусти, качан салату, три персики, качан брокколі, цибуля, два апельсини, малина, цвітна капуста і стебло селери.",Output: 18
110,"I have a frog, a cow, a goat, a rabbit, a chicken, a duck, two donkeys, four mice, five cats, and a snake.",18,18~25,"У мене є жаба, корова, коза, кролик, курка, качка, два осла, чотири миші, п'ять котів і змія.",Output: 16
111,"I have two chickens, a pig, four dogs, a donkey, a duck, a cat, a goat, two mice, five nectarines, and a frog.",19,18~25,"У мене є дві курки, свиня, чотири собаки, осел, качка, кішка, коза, дві миші, п'ять нектарин і жаба.",Output: 19
112,"I have three apples, a grape, a strawberry, two peaches, a plum, four stoves, three nectarines, a bed, a chair, a banana, and a raspberry.",19,18~25,"У мене є три яблука, виноград, полуниця, два персика, слива, чотири плити, три нектарини, ліжко, стілець, банан і малина.",Output: 17
113,"I have a raspberry, a table, three toasters, a nectarine, five apples, a strawberry, a banana, two microwaves, a peach, a blackberry, an orange, a plum, and three grapes.",22,18~25,"У мене є малина, стіл, три тостери, нектарин, п'ять яблук, полуниця, банан, дві мікрохвильовки, персик, ожина, апельсин, слива і три винограду.",Output: 21
114,"I have four couches, a car, a chair, five toasters, a microwave, four beds, a lamp, and a fridge.",18,18~25,"У мене є чотири дивани, машина, стілець, п'ять тостерів, мікрохвильова піч, чотири ліжка, лампа і холодильник.",Output: 18
115,"I have a piano, a carrot, four onions, a cabbage, a head of broccoli, two yams, three trombones, a cauliflower, three potatoes, a garlic, and a stalk of celery.",19,18~25,"У мене є фортепіано, морква, чотири цибулини, капуста, качан брокколі, два ямсу, три тромбони, цвітна капуста, три картоплини, часник і стебло селери.",Output: 17
116,"I have a garlic, two onions, three carrots, a cauliflower, four heads of broccoli, a potato, five lettuce heads, a cabbage, four stalks of celery, and a yam.",23,18~25,"У мене є часник, дві цибулини, три морквини, цвітна капуста, чотири головки брокколі, картопля, п’ять головок салату, капуста, чотири стебла селери та батат.",Output: 23
117,"I have a cabbage, two carrots, a toaster, a lettuce head, a car, four potatoes, three yams, a chair, a cauliflower, two heads of broccoli, and three garlics.",20,18~25,"У мене є капуста, дві моркви, тостер, головка салату, машина, чотири картоплини, три ямсу, стілець, цвітна капуста, дві головки брокколі і три часнику.",Output: 20
118,"I have an apple, two nectarines, a grape, a plum, four raspberries, a stalk of celery, an orange, a lettuce head, a potato, four bananas, five blackberries, and a strawberry.",23,18~25,"У мене є яблуко, два нектарини, виноград, слива, чотири ягоди малини, стебло селери, апельсин, головка салату, картопля, чотири банани, п’ять ожин і полуниця.",Output: 23
119,"I have a snake, four cows, a cat, four pigs, a donkey, a fish, three goats, a drum, a duck, a clarinet, a mouse, and two snails.",21,18~25,"У мене є змія, чотири корови, кішка, чотири свині, осел, риба, три кози, барабан, качка, кларнет, мишка і два равлики.",Output: 21
120,"I have a plum, two oranges, an apple, a peach, a banana, four strawberries, a nectarine, a raspberry, five blackberries, and a donkey.",18,18~25,"У мене є слива, два апельсини, яблуко, персик, банан, чотири полуниці, нектарин, малина, п'ять ожин і ослик.",Output: 17
121,"I have two cauliflowers, two potatoes, a raspberry, an onion, a lettuce head, a head of broccoli, four cabbages, a garlic, four carrots, a peach, and three stalks of celery.",21,18~25,"У мене є дві цвітні капусти, дві картоплини, малина, цибуля, качан салату, качан брокколі, чотири капусти, часник, чотири моркви, персик і три стебла селери.",Output: 21
122,"I have three apples, a peach, an orange, two raspberries, a banana, a blackberry, a nectarine, four strawberries, two grapes, and two plums.",18,18~25,"У мене є три яблука, персик, апельсин, дві малини, банан, ожина, нектарин, чотири полуниці, два винограду та дві сливи.",Output: 18
123,"I have two ovens, two toasters, a microwave, three stoves, a table, a lamp, a couch, five fridges, and five chairs.",21,18~25,"У мене є дві духовки, два тостери, мікрохвильова піч, три плити, стіл, лампа, диван, п’ять холодильників і п’ять стільців.",Output: 21
124,"I have a plum, five blackberries, two cabbages, two cauliflowers, a banana, a grape, a nectarine, an orange, a raspberry, a carrot, an apple, a strawberry, and a peach.",19,18~25,"У мене є слива, п’ять ягід ожини, дві капусти, дві цвітної капусти, банан, виноград, нектарин, апельсин, малина, морква, яблуко, полуниця та персик.",Output: 18
125,"I have a goat, a lamp, a fish, a duck, a stove, four chickens, a bed, five cats, and three rabbits.",18,18~25,"У мене є коза, лампа, риба, качка, піч, чотири курки, ліжко, п’ять котів і три зайці.",Output: 16
126,"I have a stove, a toaster, three tables, a lamp, two chairs, three fridges, a microwave, a couch, a car, and four beds.",18,18~25,"У мене є плита, тостер, три столи, лампа, два стільці, три холодильники, мікрохвильова піч, диван, машина і чотири ліжка.",Output: 17
127,"I have five bears, three mice, two dogs, a pig, a cow, a rabbit, three snakes, a frog, and a donkey.",18,18~25,"У мене п’ять ведмедів, три мишки, дві собаки, свиня, корова, кролик, три змії, жаба і осел.",Output: 17
128,"I have three cauliflowers, a drum, a yam, two lettuce heads, a trumpet, a garlic, a head of broccoli, a cabbage, two stalks of celery, an onion, three carrots, and a piano.",18,18~25,"У мене є три цвітні капусти, барабан, батат, дві головки салату, труба, часник, головка брокколі, капуста, два стебла селери, цибуля, три моркви та піаніно.",Output: 18
129,"I have two potatoes, three bears, a fish, a snake, two stalks of celery, a dog, four chickens, a rabbit, a mouse, and two cows.",18,18~25,"У мене є дві картоплини, три ведмеді, риба, змія, два стебла селери, собака, чотири курки, кролик, мишка і дві корови.",Output: 17
130,"I have two violins, four flutes, four clarinets, an accordion, three trumpets, a drum, and four trombones.",19,18~25,"Маю дві скрипки, чотири флейти, чотири кларнети, акордеон, три труби, барабан і чотири тромбони.",Output: 19
131,"I have an oven, four toasters, a bed, a stove, a table, a chair, four lamps, a car, and five fridges.",19,18~25,"У мене є духовка, чотири тостери, ліжко, плита, стіл, стілець, чотири лампи, машина і п'ять холодильників.",Output: 19
132,"I have a grape, five peaches, a plum, a banana, an orange, a blackberry, a raspberry, four apples, a strawberry, and two nectarines.",18,18~25,"У мене є виноград, п’ять персиків, слива, банан, апельсин, ожина, малина, чотири яблука, полуниця та два нектарини.",Output: 16
133,"I have two beds, a fridge, four ovens, a table, a microwave, four toasters, a car, a lamp, two chairs, and three couches.",20,18~25,"У мене є два ліжка, холодильник, чотири духовки, стіл, мікрохвильова піч, чотири тостери, машина, лампа, два стільці і три дивани.",Output: 20
134,"I have an orange, two blackberries, a nectarine, a peach, five strawberries, a plum, a grape, a banana, two apples, a lamp, and three raspberries.",19,18~25,"У мене є апельсин, дві ожини, нектарин, персик, п’ять полуниць, слива, виноград, банан, два яблука, лампа і три малини.",Output: 18
135,"I have a couch, an oven, three chairs, three fridges, three microwaves, a stove, two beds, two lamps, a toaster, and a table.",18,18~25,"У мене є диван, духовка, три стільці, три холодильники, три мікрохвильовки, плита, два ліжка, дві лампи, тостер і стіл.",Output: 18
136,"I have a trombone, a violin, a trumpet, an accordion, two drums, a bed, a flute, four pianos, a lamp, and five clarinets.",18,18~25,"У мене є тромбон, скрипка, труба, акордеон, два барабани, ліжко, сопілка, чотири піаніно, лампа і п’ять кларнетів.",Output: 17
137,"I have a banana, three apples, four blackberries, two peaches, a raspberry, a strawberry, three grapes, a plum, an orange, and a nectarine.",18,18~25,"У мене є банан, три яблука, чотири ягоди ожини, два персики, малина, полуниця, три винограду, слива, апельсин і нектарин.",Output: 18
138,"I have two ovens, a lettuce head, four cauliflowers, a stalk of celery, two cabbages, a carrot, four heads of broccoli, a lamp, a couch, a garlic, a yam, and an onion.",20,18~25,"У мене є дві духовки, качан салату, чотири цвітні капусти, стебло селери, дві капусти, морква, чотири качани брокколі, лампа, диван, часник, ямс і цибуля.",Output: 18
139,"I have a car, three beds, three toasters, a stove, a lamp, a table, three fridges, four chairs, a microwave, and a couch.",19,18~25,"У мене є машина, три ліжка, три тостери, плита, лампа, стіл, три холодильники, чотири стільці, мікрохвильова піч і диван.",Output: 20
140,"I have three strawberries, an apple, an orange, four peaches, a banana, two blackberries, three plums, a nectarine, a raspberry, and a grape.",18,18~25,"У мене є три полуниці, яблуко, апельсин, чотири персики, банан, дві ожини, три сливи, нектарин, малина і виноград.",Output: 17
141,"I have a lamp, a couch, four tables, a toaster, a car, two fridges, a chair, two beds, four microwaves, and a stove.",18,18~25,"У мене є лампа, диван, чотири столи, тостер, машина, два холодильники, стілець, два ліжка, чотири мікрохвильові печі та плита.",Output: 17
142,"I have two cabbages, a garlic, two cauliflowers, two onions, a head of broccoli, a potato, a pig, three yams, four fish, and a stalk of celery.",18,18~25,"У мене є дві капусти, часник, дві цвітні капусти, дві цибулини, головка брокколі, картопля, порося, три ямсу, чотири рибини і стебло селери.",Output: 18
143,"I have two plums, four blackberries, two onions, a nectarine, a strawberry, an orange, a carrot, two raspberries, an apple, two yams, a banana, and a peach.",19,18~25,"У мене дві сливи, чотири ягоди ожини, дві цибулини, нектарин, полуниця, апельсин, морква, дві малини, яблуко, два ямсу, банан і персик.",Output: 20
144,"I have a blackberry, a nectarine, an orange, three plums, a grape, two peaches, a banana, a raspberry, four strawberries, and three apples.",18,18~25,"У мене є ожина, нектарин, апельсин, три сливи, виноград, два персики, банан, малина, чотири полуниці і три яблука.",Output: 17
145,"I have a cauliflower, a cabbage, a potato, a yam, two stalks of celery, four onions, a lettuce head, five heads of broccoli, a carrot, and a violin.",18,18~25,"У мене є цвітна капуста, капуста, картопля, батат, два стебла селери, чотири цибулини, головка салату, п’ять головок брокколі, морква і скрипка.",Output: 16
146,"I have a piano, three ducks, a snake, a cow, a bear, a snail, a frog, a drum, four dogs, a goat, a trombone, and two pigs.",18,18~25,"У мене є піаніно, три качки, змія, корова, ведмідь, равлик, жаба, барабан, чотири собаки, коза, тромбон і двоє поросят.",Output: 17
147,"I have a microwave, four beds, three ovens, five toasters, a lamp, a table, a car, a stove, and a chair.",18,18~25,"У мене є мікрохвильова піч, чотири ліжка, три духовки, п'ять тостерів, лампа, стіл, машина, плита і стілець.",Output: 18
148,"I have five goats, a fish, a frog, five cats, a dog, a mouse, a pig, a snake, two ducks, and a bear.",19,18~25,"У мене є п'ять кіз, риба, жаба, п'ять котів, собака, мишка, свиня, змія, дві качки і ведмідь.",Output: 18
149,"I have a cauliflower, two onions, five garlics, three heads of broccoli, a lettuce head, a stalk of celery, a yam, two carrots, a potato, and a cabbage.",18,18~25,"У мене є цвітна капуста, дві цибулини, п’ять часників, три головки брокколі, головка салату, стебло селери, ямс, дві моркви, картопля та капуста.",Output: 18
150,"I have an accordion, a flute, and a clarinet.",3,1~7,"У мене є баян, сопілка, кларнет.",Output: 3
151,"I have a snake, a duck, a yam, and a cow.",4,1~7,"У мене є змія, качка, ямс і корова.",Output: 4
152,"I have a peach, a banana, and a nectarine.",3,1~7,"У мене є персик, банан і нектарин.",Output: 3
153,"I have a potato, and an onion.",2,1~7,У мене є картопля і цибуля.,Output: 2
154,"I have a pig, two clarinets, a trombone, and a frog.",5,1~7,"У мене є свиня, два кларнети, тромбон і жаба.",Output: 5
155,"I have a cabbage, a carrot, and an onion.",3,1~7,"У мене є капуста, морква і цибуля.",Output: 3
156,"I have a trombone, two pianos, and two violins.",5,1~7,"У мене є тромбон, два піаніно і дві скрипки.",Output: 5
157,"I have a strawberry, and two apples.",3,1~7,У мене є полуниця і два яблука.,Output: 3
158,"I have two potatoes, an onion, and a cabbage.",4,1~7,"У мене є дві картоплини, цибуля і капуста.",Output: 4
159,"I have a flute, and a trumpet.",2,1~7,У мене є сопілка і труба.,Output: 2
160,"I have a grape, a strawberry, a banana, and a plum.",4,1~7,"У мене є виноград, полуниця, банан і слива.",Output: 4
161,"I have two heads of broccoli, a stalk of celery, a lettuce head, and a potato.",5,1~7,"У мене є дві головки брокколі, стебло селери, головка салату та картопля.",Output: 5
162,"I have a cat, and a snail.",2,1~7,У мене є кіт і равлик.,Output: 2
163,"I have a piano, a violin, and an accordion.",3,1~7,"У мене є фортепіано, скрипка, акордеон.",Output: 3
164,"I have a flute, an accordion, a car, a stove, a trombone, and a chair.",6,1~7,"Є в мене і сопілка, і гармошка, і машина, і пічка, і тромбон, і стілець.",Output: 6
165,"I have a chair, three toasters, and a car.",5,1~7,"У мене є стілець, три тостери і машина.",Output: 5
166,"I have a mouse, a snake, a pig, a frog, a donkey, and a chicken.",6,1~7,"Є в мене і мишка, і змія, і свиня, і жаба, і осел, і курка.",Output: 6
167,"I have a flute, and a clarinet.",2,1~7,У мене є флейта і кларнет.,Output: 2
168,"I have a lamp, and a couch.",2,1~7,У мене є лампа і диван.,Output: 2
169,"I have a yam, a potato, a head of broccoli, an onion, and two cabbages.",6,1~7,"У мене є ямс, картопля, головка брокколі, цибуля і дві капусти.",Output: 6
170,"I have a donkey, a frog, and a bear.",3,1~7,"У мене є осел, жаба і ведмідь.",Output: 3
171,"I have a rabbit, a pig, and three donkeys.",5,1~7,"У мене є кролик, свиня і три осла.",Output: 5
172,"I have three snails, a bear, a violin, and a piano.",6,1~7,"У мене є три равлики, ведмідь, скрипка і піаніно.",Output: 6
173,"I have a frog, a donkey, and a mouse.",3,1~7,"У мене є і жаба, і осел, і мишка.",Output: 3
174,"I have a snail, and a donkey.",2,1~7,У мене є равлик і ослик.,Output: 2
175,"I have a cow, two cats, a snake, and a duck.",5,1~7,"У мене є корова, два кота, змія і качка.",Output: 5
176,"I have a fridge, and an oven.",2,1~7,"У мене є холодильник, духовка.",Output: 2
177,"I have two garlics, a stalk of celery, and three cauliflowers.",6,1~7,"У мене є два часнику, стебло селери і три цвітні капусти.",Output: 6
178,"I have a table, a toaster, a car, and a couch.",4,1~7,"У мене є стіл, тостер, машина і диван.",Output: 4
179,"I have a cow, a frog, and three donkeys.",5,1~7,"У мене є корова, жаба і три осла.",Output: 5
180,"I have a cauliflower, and two lettuce heads.",3,1~7,У мене є цвітна капуста і дві головки салату.,Output: 3
181,"I have a cabbage, two garlics, a stalk of celery, and two carrots.",6,1~7,"У мене є капуста, два часнику, стебло селери і дві моркви.",Output: 6
182,"I have a couch, a chair, two cars, and an oven.",5,1~7,"У мене є диван, стілець, дві машини і духовка.",Output: 5
183,"I have a chair, a car, and a fridge.",3,1~7,"У мене є стілець, машина і холодильник.",Output: 3
184,"I have a flute, a drum, and three accordions.",5,1~7,"У мене є сопілка, барабан і три гармошки.",Output: 5
185,"I have three cauliflowers, a lamp, an onion, and a cabbage.",6,1~7,"У мене є три цвітні капусти, лампа, цибуля і капуста.",Output: 6
186,"I have a violin, a pig, a rabbit, a flute, and a cow.",5,1~7,"У мене є скрипка, свиня, кролик, сопілка і корова.",Output: 5
187,"I have two rabbits, a chicken, and a bear.",4,1~7,"У мене є два кролики, курка і ведмідь.",Output: 4
188,"I have two cats, and a cow.",3,1~7,Маю двох котів і корову.,Output: 3
189,"I have a potato, a head of broccoli, a cauliflower, a lettuce head, and an onion.",5,1~7,"У мене є картопля, головка брокколі, цвітна капуста, головка салату та цибуля.",Output: 5
190,"I have a piano, a clarinet, an accordion, a trombone, a trumpet, and a flute.",6,1~7,"У мене є фортепіано, кларнет, акордеон, тромбон, труба і флейта.",Output: 6
191,"I have a bed, a table, an oven, a lamp, and a toaster.",5,1~7,"У мене є ліжко, стіл, піч, лампа і тостер.",Output: 5
192,"I have an orange, an apple, a grape, and a nectarine.",4,1~7,"У мене є апельсин, яблуко, виноград і нектарин.",Output: 4
193,"I have a table, a car, a couch, a fridge, a stove, and an oven.",6,1~7,"У мене є і стіл, і машина, і диван, і холодильник, і плита, і духовка.",Output: 6
194,"I have a drum, an orange, two nectarines, a banana, and a strawberry.",6,1~7,"У мене є барабан, апельсин, два нектарини, банан і полуниця.",Output: 6
195,"I have two raspberries, and two bananas.",4,1~7,У мене дві малини і два банани.,Output: 4
196,"I have a banana, a peach, a grape, and a raspberry.",4,1~7,"У мене є банан, персик, виноград і малина.",Output: 4
197,"I have a piano, a drum, a trumpet, and a clarinet.",4,1~7,"У мене є піаніно, барабан, труба і кларнет.",Output: 4
198,"I have a snail, a bear, a fish, a pig, a mouse, and a dog.",6,1~7,"У мене є равлик, ведмідь, рибка, порося, мишка і собака.",Output: 6
199,"I have a raspberry, a peach, a potato, and a garlic.",4,1~7,"У мене є малина, персик, картопля і часник.",Output: 4
200,"I have a microwave, a head of broccoli, a lamp, a potato, and a car.",5,1~7,"У мене є мікрохвильова піч, головка брокколі, лампа, картопля і машина.",Output: 5
201,"I have a banana, a grape, and a plum.",3,1~7,"У мене є банан, виноград і слива.",Output: 3
202,"I have a trombone, a microwave, a car, and two accordions.",5,1~7,"У мене є тромбон, мікрохвильова піч, машина і два баяни.",Output: 5
203,"I have a frog, a bear, a dog, a snail, and a chicken.",5,1~7,"У мене є жаба, ведмідь, собака, равлик і курка.",Output: 5
204,"I have two cauliflowers, and an onion.",3,1~7,У мене дві цвітні капусти і цибуля.,Output: 3
205,"I have a goat, a mouse, and a rabbit.",3,1~7,"У мене є коза, мишка і кролик.",Output: 3
206,"I have a yam, a stalk of celery, an onion, a lettuce head, a head of broccoli, and a potato.",6,1~7,"У мене є ямс, стебло селери, цибуля, головка салату, головка брокколі та картопля.",Output: 6
207,"I have a fridge, a couch, an oven, a microwave, and a table.",5,1~7,"У мене є холодильник, диван, духовка, мікрохвильова піч і стіл.",Output: 5
208,"I have a potato, a cauliflower, a lettuce head, a yam, a cabbage, and a garlic.",6,1~7,"У мене є картопля, цвітна капуста, качан салату, ямс, капуста і часник.",Output: 6
209,"I have a table, and a toaster.",2,1~7,У мене є стіл і тостер.,Output: 2
210,"I have a couch, a lamp, a stove, and a fridge.",4,1~7,"У мене є диван, лампа, плита і холодильник.",Output: 4
211,"I have a drum, a trumpet, an accordion, and a violin.",4,1~7,"У мене є і барабан, і труба, і баян, і скрипка.",Output: 4
212,"I have a grape, and four blackberries.",5,1~7,У мене є виноград і чотири ягоди ожини.,Output: 5
213,"I have an accordion, a chair, a trumpet, and a couch.",4,1~7,"У мене є і баян, і стілець, і труба, і диван.",Output: 4
214,"I have a flute, and a drum.",2,1~7,У мене є флейта і барабан.,Output: 2
215,"I have a head of broccoli, a plum, a banana, and an orange.",4,1~7,"У мене є головка брокколі, слива, банан і апельсин.",Output: 4
216,"I have a car, an oven, a lamp, and three fridges.",6,1~7,"У мене є машина, духовка, лампа і три холодильники.",Output: 6
217,"I have a chicken, a duck, two rabbits, a dog, and a cow.",6,1~7,"У мене є курка, качка, два кролики, собака і корова.",Output: 6
218,"I have a raspberry, a blackberry, a peach, and a nectarine.",4,1~7,"У мене є малина, ожина, персик і нектарин.",Output: 4
219,"I have a snake, three bears, and a dog.",5,1~7,"У мене є змія, три ведмеді і собака.",Output: 5
220,"I have a blackberry, a strawberry, an apple, an orange, and a peach.",5,1~7,"У мене є ожина, полуниця, яблуко, апельсин і персик.",Output: 5
221,"I have a blackberry, three oranges, an apple, and a grape.",6,1~7,"У мене є ожина, три апельсини, яблуко і виноград.",Output: 6
222,"I have a goat, and three ducks.",4,1~7,У мене є коза і три качки.,Output: 4
223,"I have a goat, a rabbit, and a frog.",3,1~7,"У мене є коза, кролик і жаба.",Output: 3
224,"I have a table, a fridge, a bed, and a couch.",4,1~7,"У мене є стіл, холодильник, ліжко і диван.",Output: 4
225,"I have a raspberry, a nectarine, a blackberry, three oranges, a grape, an apple, a strawberry, and a peach.",10,7~13,"У мене є малина, нектарин, ожина, три апельсини, виноград, яблуко, полуниця і персик.",Output: 8
226,"I have a cow, three cats, a mouse, a rabbit, a snail, three pigs, and a goat.",11,7~13,"У мене є корова, три кішки, мишка, кролик, равлик, три свині і коза.",Output: 10
227,"I have three clarinets, a trombone, four accordions, a flute, and a violin.",10,7~13,"Маю три кларнети, тромбон, чотири акордеони, флейту і скрипку.",Output: 10
228,"I have a drum, two trombones, four flutes, two accordions, a violin, a clarinet, and a piano.",12,7~13,"У мене є барабан, два тромбони, чотири флейти, два акордеони, скрипка, кларнет і фортепіано.",Output: 12
229,"I have an onion, a potato, two stalks of celery, three cauliflowers, a cabbage, a head of broccoli, and two yams.",11,7~13,"У мене є цибуля, картопля, два стебла селери, три цвітної капусти, капуста, головка брокколі та два ямсу.",Output: 11
230,"I have three trombones, two accordions, a peach, a flute, a banana, and a raspberry.",9,7~13,"У мене є три тромбони, два баяни, персик, флейта, банан і малина.",Output: 9
231,"I have a blackberry, two strawberries, a nectarine, a grape, two oranges, three raspberries, and a plum.",11,7~13,"У мене є ожина, дві полуниці, нектарин, виноград, два апельсини, три малини і слива.",Output: 11
232,"I have five cauliflowers, a stove, a stalk of celery, and a microwave.",8,7~13,"У мене є п'ять цвітних капуст, плита, стебло селери і мікрохвильова піч.",Output: 8
233,"I have three fridges, an oven, a couch, a microwave, a lamp, a toaster, a table, and a bed.",10,7~13,"У мене є три холодильники, духовка, диван, мікрохвильова піч, лампа, тостер, стіл і ліжко.",Output: 9
234,"I have a fish, a pig, an onion, a donkey, a bear, a snail, a goat, and a mouse.",8,7~13,"У мене є риба, свиня, цибуля, осел, ведмідь, равлик, коза і мишка.",Output: 8
235,"I have a carrot, an onion, a garlic, a cauliflower, three potatoes, and a yam.",8,7~13,"У мене є морква, цибуля, часник, цвітна капуста, три картоплини і ямс.",Output: 7
236,"I have a piano, four oranges, an apple, a grape, and a trombone.",8,7~13,"У мене є піаніно, чотири апельсини, яблуко, виноград і тромбон.",Output: 8
237,"I have two lamps, a stove, a table, two cars, a couch, a fridge, a bed, a microwave, and two toasters.",12,7~13,"У мене є дві лампи, плита, стіл, дві машини, диван, холодильник, ліжко, мікрохвильова піч і два тостери.",Output: 11
238,"I have a fridge, a microwave, a chair, three ovens, a stove, and four lamps.",11,7~13,"У мене є холодильник, мікрохвильова піч, стілець, три духовки, плита і чотири лампи.",Output: 11
239,"I have a carrot, a cabbage, a lettuce head, a yam, a stalk of celery, a head of broccoli, an onion, a potato, and a cauliflower.",9,7~13,"У мене є морква, капуста, качан салату, ямс, стебло селери, качан брокколі, цибуля, картопля та цвітна капуста.",Output: 9
240,"I have a stove, an oven, a chair, a bed, a couch, a fridge, a car, and a table.",8,7~13,"У мене є і плита, і духовка, і стілець, і ліжко, і диван, і холодильник, і машина, і стіл.",Output: 8
241,"I have a goat, a bear, two snakes, a frog, a cow, a dog, a mouse, a snail, a chicken, and a duck.",11,7~13,"У мене є коза, ведмідь, дві змії, жаба, корова, собака, мишка, равлик, курка і качка.",Output: 10
242,"I have a cow, a fish, a snake, a frog, a duck, a cat, a chicken, a rabbit, a goat, and a snail.",10,7~13,"У мене є корова, риба, змія, жаба, качка, кішка, курка, кролик, коза і равлик.",Output: 10
243,"I have a duck, a frog, a cat, a fish, a bear, a mouse, three chickens, a rabbit, and a pig.",11,7~13,"У мене є качка, жаба, кішка, рибка, ведмідь, мишка, три курки, кролик і свиня.",Output: 9
244,"I have four toasters, a couch, a lamp, two beds, a fridge, and three microwaves.",12,7~13,"У мене є чотири тостери, диван, лампа, два ліжка, холодильник і три мікрохвильові печі.",Output: 12
245,"I have an accordion, five pianos, a clarinet, a violin, a trumpet, a drum, a trombone, and a flute.",12,7~13,"У мене є акордеон, п’ять піаніно, кларнет, скрипка, труба, барабан, тромбон і флейта.",Output: 11
246,"I have a peach, a grape, a raspberry, a plum, a banana, a nectarine, an apple, a strawberry, an orange, and three blackberries.",12,7~13,"У мене є персик, виноград, малина, слива, банан, нектарин, яблуко, полуниця, апельсин і три ягоди ожини.",Output: 11
247,"I have a piano, a flute, a trumpet, an accordion, a clarinet, a violin, a trombone, and a drum.",8,7~13,"У мене є піаніно, флейта, труба, акордеон, кларнет, скрипка, тромбон і барабан.",Output: 8
248,"I have a head of broccoli, four cabbages, a garlic, an onion, a yam, a potato, a carrot, and two cauliflowers.",12,7~13,"У мене є качан брокколі, чотири капусти, часник, цибуля, ямс, картопля, морква і дві цвітні капусти.",Output: 12
249,"I have a goat, a snail, a mouse, two fish, two bears, and a cat.",8,7~13,"У мене є коза, равлик, мишка, дві рибки, два ведмеді і кіт.",Output: 7
250,"I have a head of broccoli, a stalk of celery, a potato, a carrot, a cauliflower, a lettuce head, a yam, a cabbage, and a garlic.",9,7~13,"У мене є качан брокколі, стебло селери, картопля, морква, цвітна капуста, качан салату, ямс, капуста та часник.",Output: 9
251,"I have a strawberry, two plums, a peach, a nectarine, a grape, an apple, a banana, and an orange.",9,7~13,"У мене є полуниця, дві сливи, персик, нектарин, виноград, яблуко, банан і апельсин.",Output: 9
252,"I have a flute, a violin, two trombones, a trumpet, and two accordions.",7,7~13,"У мене є сопілка, скрипка, два тромбони, труба і два баяни.",Output: 7
253,"I have two toasters, five cars, and a lamp.",8,7~13,"У мене є два тостери, п'ять машин і лампа.",Output: 8
254,"I have a peach, a stalk of celery, a banana, four apples, and a nectarine.",8,7~13,"У мене є персик, стебло селери, банан, чотири яблука та нектарин.",Output: 8
255,"I have a bed, two couches, an oven, a toaster, two stoves, a microwave, two chairs, a lamp, and a table.",12,7~13,"У мене є ліжко, два дивани, духовка, тостер, дві плити, мікрохвильова піч, два стільці, лампа і стіл.",Output: 11
256,"I have a bed, a stove, a couch, three ovens, a fridge, a table, three lamps, and a microwave.",12,7~13,"У мене є ліжко, плита, диван, три духовки, холодильник, стіл, три лампи і мікрохвильова піч.",Output: 11
257,"I have a head of broccoli, three cauliflowers, a stalk of celery, a potato, a yam, a garlic, three cabbages, and a lettuce head.",12,7~13,"У мене є головка брокколі, три капусти цвітної капусти, стебло селери, картопля, ямс, часник, три капусти та головка салату.",Output: 11
258,"I have a carrot, a cauliflower, two garlics, a lettuce head, a stalk of celery, a yam, two potatoes, and an onion.",10,7~13,"У мене є морква, цвітна капуста, два часнику, головка салату, стебло селери, ямс, дві картоплини та цибуля.",Output: 10
259,"I have a trombone, a piano, two flutes, two violins, and a trumpet.",7,7~13,"У мене є тромбон, фортепіано, дві флейти, дві скрипки і труба.",Output: 7
260,"I have a table, two couches, a car, a microwave, a bed, an oven, a chair, a toaster, two lamps, and a stove.",12,7~13,"У мене є стіл, два дивани, машина, мікрохвильова піч, ліжко, духовка, стілець, тостер, дві лампи і плита.",Output: 12
261,"I have a drum, a trombone, three donkeys, two rabbits, a flute, and a piano.",9,7~13,"У мене є барабан, тромбон, три осла, два зайці, флейта і піаніно.",Output: 9
262,"I have a garlic, an onion, a yam, two potatoes, a carrot, a lettuce head, a cauliflower, a head of broccoli, and a stalk of celery.",10,7~13,"У мене є часник, цибуля, ямс, дві картоплини, морква, головка салату, цвітна капуста, головка брокколі та стебло селери.",Output: 9
263,"I have a strawberry, a head of broccoli, a lettuce head, a blackberry, a garlic, a carrot, an orange, a yam, an onion, and a cauliflower.",10,7~13,"У мене є полуниця, головка брокколі, головка салату, ожина, часник, морква, апельсин, ямс, цибуля та цвітна капуста.",Output: 10
264,"I have an onion, a head of broccoli, two stalks of celery, a lettuce head, a cabbage, and a garlic.",7,7~13,"У мене є цибуля, головка брокколі, два стебла селери, головка салату, капуста і часник.",Output: 7
265,"I have a blackberry, two oranges, a grape, and five nectarines.",9,7~13,"У мене є ожина, два апельсини, виноград і п'ять нектаринів.",Output: 9
266,"I have an apple, a violin, a peach, a raspberry, a grape, a blackberry, and an orange.",7,7~13,"У мене є яблуко, скрипка, персик, малина, виноград, ожина і апельсин.",Output: 7
267,"I have a rabbit, a cow, a banana, a snail, a chicken, three apples, a fish, and three dogs.",12,7~13,"У мене є кролик, корова, банан, равлик, курка, три яблука, риба і три собаки.",Output: 11
268,"I have three couches, a car, a table, a chair, a fridge, a toaster, and an oven.",9,7~13,"У мене є три дивани, машина, стіл, стілець, холодильник, тостер і духовка.",Output: 8
269,"I have an accordion, a piano, two trombones, a drum, a flute, three trumpets, a violin, and a clarinet.",11,7~13,"У мене є акордеон, фортепіано, два тромбони, барабан, флейта, три труби, скрипка і кларнет.",Output: 11
270,"I have a plum, two apples, two blackberries, a raspberry, a chicken, a strawberry, and an orange.",9,7~13,"У мене є слива, два яблука, дві ожини, малина, курка, полуниця і апельсин.",Output: 9
271,"I have an oven, three stoves, a chair, three cars, and a couch.",9,7~13,"Маю духовку, три плити, стілець, три машини і диван.",Output: 9
272,"I have a potato, three cabbages, a carrot, two stalks of celery, a cauliflower, a drum, and a head of broccoli.",10,7~13,"У мене є картопля, три капусти, морква, два стебла селери, цвітна капуста, барабан і головка брокколі.",Output: 10
273,"I have a clarinet, a trumpet, a piano, a flute, a trombone, an accordion, and a violin.",7,7~13,"У мене є кларнет, труба, фортепіано, флейта, тромбон, акордеон і скрипка.",Output: 7
274,"I have a trombone, a piano, a drum, an accordion, a clarinet, a violin, a trumpet, and a flute.",8,7~13,"У мене є тромбон, піаніно, барабан, акордеон, кларнет, скрипка, труба і флейта.",Output: 8
275,"I have a banana, a plum, a nectarine, a strawberry, a blackberry, a raspberry, an orange, and a peach.",8,7~13,"У мене є банан, слива, нектарин, полуниця, ожина, малина, апельсин і персик.",Output: 8
276,"I have two drums, an accordion, a clarinet, a piano, a trumpet, two violins, three flutes, and a trombone.",12,7~13,"У мене є два барабани, акордеон, кларнет, фортепіано, труба, дві скрипки, три флейти і тромбон.",Output: 11
277,"I have a grape, a peach, three bananas, two plums, two apples, a strawberry, and a nectarine.",11,7~13,"У мене є виноград, персик, три банани, дві сливи, два яблука, полуниця і нектарин.",Output: 11
278,"I have a blackberry, a peach, a trumpet, an orange, a grape, a strawberry, two pianos, and an apple.",9,7~13,"У мене є ожина, персик, труба, апельсин, виноград, полуниця, два піаніно і яблуко.",Output: 9
279,"I have a clarinet, a piano, two trumpets, four accordions, a flute, a violin, a drum, and a trombone.",12,7~13,"У мене є кларнет, фортепіано, дві труби, чотири акордеони, флейта, скрипка, барабан і тромбон.",Output: 12
280,"I have a lamp, two stoves, a fridge, an oven, three chairs, and a couch.",9,7~13,"Маю лампу, дві плити, холодильник, духовку, три стільці, тапчан.",Output: 9
281,"I have a carrot, a yam, a cabbage, a head of broccoli, a cauliflower, a car, a potato, a lettuce head, an onion, a garlic, a microwave, and a stalk of celery.",12,7~13,"У мене є морква, ямс, капуста, качан брокколі, цвітна капуста, машина, картопля, качан салату, цибуля, часник, мікрохвильова піч і стебло селери.",Output: 12
282,"I have a cabbage, two onions, two stalks of celery, a lettuce head, and a yam.",7,7~13,"У мене є капуста, дві цибулини, два стебла селери, качан салату і батат.",Output: 7
283,"I have a cat, a cow, a snail, a rabbit, two fish, and a frog.",7,7~13,"У мене є кішка, корова, равлик, кролик, дві рибки і жаба.",Output: 7
284,"I have three flutes, a trombone, a violin, a toaster, and a piano.",7,7~13,"У мене є три флейти, тромбон, скрипка, тостер і піаніно.",Output: 7
285,"I have an apple, a grape, a blackberry, an onion, two strawberries, an orange, a peach, and a plum.",9,7~13,"У мене є яблуко, виноград, ожина, цибуля, дві полуниці, апельсин, персик і слива.",Output: 9
286,"I have a snake, a frog, a cow, a lamp, a chicken, a bear, a goat, three ducks, and a fish.",11,7~13,"У мене є змія, жаба, корова, лампа, курка, ведмідь, коза, три качки і риба.",Output: 10
287,"I have three nectarines, a peach, a blackberry, a grape, an apple, and a plum.",8,7~13,"У мене є три нектарини, персик, ожина, виноград, яблуко і слива.",Output: 7
288,"I have a plum, a strawberry, a banana, a nectarine, a raspberry, an orange, and a peach.",7,7~13,"У мене є слива, полуниця, банан, нектарин, малина, апельсин і персик.",Output: 7
289,"I have three stoves, a table, five toasters, a couch, and a fridge.",11,7~13,"У мене є три плити, стіл, п'ять тостерів, диван і холодильник.",Output: 11
290,"I have three ovens, a toaster, a stove, a chair, a microwave, two fridges, and a table.",10,7~13,"У мене є три духовки, тостер, плита, стілець, мікрохвильова піч, два холодильники і стіл.",Output: 9
291,"I have four cabbages, a lettuce head, a stalk of celery, a frog, a fish, a carrot, and a cow.",10,7~13,"У мене є чотири капусти, качан салату, стебло селери, жаба, риба, морква і корова.",Output: 9
292,"I have a dog, a chicken, a mouse, a fish, two donkeys, and three pigs.",9,7~13,"У мене є собака, курка, мишка, риба, два осла і три свині.",Output: 8
293,"I have a violin, five clarinets, a trumpet, a trombone, a piano, two flutes, and a drum.",12,7~13,"У мене є скрипка, п’ять кларнетів, труба, тромбон, фортепіано, дві флейти та барабан.",Output: 12
294,"I have a stalk of celery, a garlic, five onions, a lettuce head, and a carrot.",9,7~13,"У мене є стебло селери, часник, п’ять цибулин, головка салату та морква.",Output: 9
295,"I have a goat, an apple, a bear, a mouse, a snake, a blackberry, and four raspberries.",10,7~13,"Є в мене коза, яблуко, ведмідь, мишка, змія, ожина і чотири малини.",Output: 9
296,"I have a mouse, a rabbit, a donkey, a cow, a chicken, four cats, a bear, and a goat.",11,7~13,"У мене є мишка, кролик, осел, корова, курка, чотири коти, ведмідь і коза.",Output: 9
297,"I have three cabbages, a yam, a cauliflower, a head of broccoli, a potato, a garlic, and an onion.",9,7~13,"У мене є три капусти, ямс, цвітна капуста, головка брокколі, картопля, часник і цибуля.",Output: 9
298,"I have a grape, a clarinet, three plums, a raspberry, and a trombone.",7,7~13,"Маю виноград, кларнет, три сливи, малину і тромбон.",Output: 7
299,"I have two stalks of celery, a cauliflower, a potato, a cabbage, and two garlics.",7,7~13,"У мене є два стебла селери, цвітна капуста, картопля, капуста і два часнику.",Output: 7
