input,out,len,bins,pred
оьлга анна сергейъ александръ сeргей олга кузнецова сергей оьлга иванова кузнецова иванова смирнова оьлга алексей александръ еленаъ кузнецова смирнов андрей,а а ъ ъ й а а й а а а а а а й ъ ъ а в й,20,15~22,Выход: а а ъ р ъ а а й а а а а а а й й а а в й
иванова андрей александръ ъирина анастасия анна дмитьрий еленаъ анастасия сeргей сeргей элена петрова ирина дмитьрий алексей элена,а й ъ а я а й ъ я й й а а а й й а,17,15~22,Выход: а й ъ а я а й а я й й а а а й й а
александръ елена алексей александр еленаъ ольга сергейъ еленаъ олга иванов дмитьрий элена сeргей кузнецова сергей еленаъ кузнецов,ъ а й р ъ а ъ ъ а в й а й а й ъ в,17,15~22,Выход: ъ а й р а а й а а в й а й а й в
сергейъ попов оьлга алексей ъирина алексей анна сергейъ кузнецов олга александр петров серьгей попов сергейъ ъирина елена ирина анна васильева серьгей,ъ в а й а й а ъ в а р в й в ъ а а а а а й,21,15~22,Выход: ъ в а й а й а ъ в а р в й в ъ а а а а а й
васильева александр анастасия элена андрей серьгей дмиьтрий сергейъ смирнов ирина еленаъ анна андрей смирнов андрей элена сeргей петров еленаъ,а р я а й й й ъ в а ъ а й в й а й в ъ,19,15~22,Выход: а р я а й й й ъ в а а а й в й а й в а ъ
анна ирина иванов дмиьтрий александр сергей ольга элена кузнецова сергейъ алексей андрей кузнецов олга смирнов оьлга смирнов еленаъ,а а в й р й а а а ъ й й в а в а в ъ,18,15~22,Выход: а а в й р й а а а ъ й й в а в а в а
иванов елена оьлга смирнов элена сергей иванов еленаъ сергейъ иванова элена петров кузнецова еленаъ ирина иванов сергей,в а а в а й в ъ ъ а а в а ъ а в й,17,15~22,Выход: в а а в а й в а ъ ъ а а в а ъ а в й
александр элена ирина анастасия иванова дмиьтрий александръ смирнов еленаъ александръ сергейъ дмиьтрий дмиьтрий иванов сергей попов олга еленаъ александръ иванова,р а а я а й ъ в ъ ъ ъ й й в й в а ъ ъ а,20,15~22,Выход: р а а я а й р в а р й й й в й в а а р а
еленаъ ольга оьлга кузнецова серьгей кузнецов анна элена анна олга анна оьлга ольга петрова александръ смирнова александръ кузнецов петрова смирнов петров,ъ а а а й в а а а а а а а а ъ а ъ в а в в,21,15~22,Выход: ъ а а а й в а а а а а а а а а р ъ а р в а в в
анна серьгей смирнов александръ александръ ольга александръ петров кузнецова сергей смирнова иванова смирнова сергейъ смирнова еленаъ еленаъ,а й в ъ ъ а ъ в а й а а а ъ а ъ ъ,17,15~22,Выход: а й в р р а р в а й а а а ъ а а ъ ъ
элена ольга анна дмитьрий александр сергей ъирина попов иванова андрей елена попов дмитьрий смирнова александр,а а а й р й а в а й а в й а р,15,15~22,Выход: а а а й р й а в а й а в й а р
иванова попов смирнов алексей сергейъ иванова сергей васильева елена сергейъ элена элена анна васильева ирина,а в в й ъ а й а а ъ а а а а а,15,15~22,Выход: а в в й ъ а й а а ъ а а а а а
ъирина дмиьтрий алексей иванов олга элена иванов петрова сергей анна анна андрей ирина олга кузнецова александр сeргей андрей елена александр дмитьрий,а й й в а а в а й а а й а а а р й й а р й,21,15~22,Выход: а й й в а а в а й а а й а а а р й й а р й
ольга елена кузнецов оьлга иванов серьгей елена кузнецова элена сeргей кузнецов олга ирина смирнов смирнова,а а в а в й а а а й в а а в а,15,15~22,Выход: а а в а в й а а а й в а а в а
ирина дмитьрий олга смирнов дмитьрий дмитьрий серьгей смирнова элена сергейъ сергейъ еленаъ анастасия анна васильева васильева элена ирина кузнецова александр петров,а й а в й й й а а ъ ъ ъ я а а а а а а р в,21,15~22,Выход: а й а в й й й а а ъ ъ а я а а а а а а р в
еленаъ петрова олга смирнова александр иванова иванова ирина кузнецов дмиьтрий ирина ъирина андрей анна андрей васильева ольга еленаъ сергейъ,ъ а а а р а а а в й а а й а й а а ъ ъ,19,15~22,Выход: ъ а а а р а а а в й а ъ й а й а а ъ й
ирина серьгей оьлга васильева андрей дмитьрий смирнов кузнецов кузнецов сергейъ петров смирнова ъирина анастасия кузнецова ольга попов анна андрей кузнецов,а й а а й й в в в ъ в а а я а а в а й в,20,15~22,Выход: а й а а й й в в в ъ в а а я а а в а й в
иванова смирнова петрова смирнова кузнецова дмиьтрий кузнецов серьгей еленаъ александръ андрей смирнов васильева серьгей анастасия кузнецова анна александръ ирина анна,а а а а а й в й ъ ъ й в а й я а а ъ а а,20,15~22,Выход: а а а а а й в й а р й в а й я а а р а а
андрей петров кузнецов андрей сeргей анна сергейъ кузнецова олга александръ попов алексей дмитьрий иванов серьгей,й в в й й а ъ а а ъ в й й в й,15,15~22,Выход: й в в й й а ъ а а р в й й в й
дмитьрий васильева андрей оьлга элена кузнецова смирнов петрова смирнова сeргей петров иванов алексей смирнова елена петров смирнова элена кузнецова иванов,й а й а а а в а а й в в й а а в а а а в,20,15~22,Выход: й а й а а а в а а й в в й а а в а а а в
елена андрей ъирина ъирина элена анна петрова дмиьтрий кузнецов дмитьрий дмитьрий александр смирнов оьлга кузнецов александръ,а й а а а а а й в й й р в а в ъ,16,15~22,Выход: а й а а а а а й в й й р в а в ъ
анна попов сeргей еленаъ алексей смирнова смирнова смирнов сергей анастасия александръ петров еленаъ сeргей сeргей кузнецова еленаъ андрей елена анастасия дмитьрий,а в й ъ й а а в й я ъ в ъ й й а ъ й а я й,21,15~22,Выход: а в й а й а а в й я р ъ в а й й а а й а я й
дмиьтрий петрова ъирина сергейъ сeргей дмиьтрий попов элена сергей иванов смирнова васильева алексей александръ елена ъирина,й а а ъ й й в а й в а а й ъ а а,16,15~22,Выход: й а а ъ й й в а й в а а й р а а
еленаъ ольга алексей дмиьтрий ирина смирнова иванов смирнов еленаъ смирнова петрова кузнецова ольга алексей александръ алексей иванова ольга ирина,ъ а й й а а в в ъ а а а а й ъ й а а а,19,15~22,Выход: ъ а й й а а в в ъ а а а а й й й а а а
олга ирина еленаъ петров васильева дмитьрий ирина смирнова анна кузнецов иванов кузнецов еленаъ еленаъ анастасия дмитьрий анна сергейъ оьлга,а а ъ в а й а а а в в в ъ ъ я й а ъ а,19,15~22,Выход: а а ъ в а й а а а в в в ъ ъ я й а й а
попов анастасия попов попов сергей петров смирнов иванов елена елена иванов смирнова кузнецов смирнова александр,в я в в й в в в а а в а в а р,15,15~22,Выход: в а в в й в в в а а в а в а р
ъирина олга александр сергейъ ольга оьлга андрей дмиьтрий александръ кузнецов сергей елена иванов сергей кузнецов александръ петрова дмитьрий элена,а а р ъ а а й й ъ в й а в й в ъ а й а,19,15~22,Выход: а а р ъ а а й й р ъ в й а а ъ а й а
сергей васильева оьлга ирина анна иванова ирина ольга сeргей ольга кузнецов ольга анна сeргей олга васильева,й а а а а а а а й а в а а й а а,16,15~22,Выход: й а а а а а а а й а в а а й а а
дмиьтрий еленаъ анастасия оьлга александр кузнецова ъирина кузнецова оьлга анна смирнов иванова сергейъ васильева елена петров,й ъ я а р а а а а а в а ъ а а в,16,15~22,Выход: й ъ я а р а а а а а в а ъ а а в
серьгей анна сeргей оьлга кузнецов олга попов ирина ирина васильева смирнов александръ ъирина еленаъ дмитьрий кузнецов ирина ъирина,й а й а в а в а а а в ъ а ъ й в а а,18,15~22,Выход: й а й а в а в а а а в р а а й в а а
смирнов алексей смирнов ольга еленаъ сергей петров александръ анна смирнов смирнова серьгей еленаъ дмитьрий сeргей петрова анастасия,в й в а ъ й в ъ а в а й ъ й й а я,17,15~22,Выход: в й в а ъ й в р а в а й а й й а я
еленаъ ъирина смирнов ирина еленаъ сергейъ александр сергейъ сeргей сeргей иванова александръ смирнова ъирина элена кузнецов елена ирина олга анастасия,ъ а в а ъ ъ р ъ й й а ъ а а а в а а а я,20,15~22,Выход: ъ а в а ъ ъ р ъ й й а р а а а в а а а я
элена петрова оьлга анна иванова александръ ъирина еленаъ сeргей александръ олга елена смирнова сергей кузнецов иванова петров смирнова олга,а а а а а ъ а ъ й ъ а а а й в а в а а,19,15~22,Выход: а а а а а ъ а ъ й ъ а а а й в а в а а
смирнова дмитьрий елена кузнецов кузнецова смирнова ирина элена иванов элена ирина дмиьтрий иванова кузнецова элена елена,а й а в а а а а в а а й а а а а,16,15~22,Выход: а й а в а а а а в а а й а а а а
васильева олга кузнецова анна александръ ольга петрова андрей петров александр еленаъ сeргей ольга попов алексей еленаъ елена олга,а а а а ъ а а й в р ъ й а в й ъ а а,18,15~22,Выход: а а а а ъ а а й в р а й а в й а а а
попов анастасия васильева сергей александръ анастасия иванов иванова александръ олга ъирина алексей кузнецов смирнов петров сергей элена смирнова ирина анна,в я а й ъ я в а ъ а а й в в в й а а а а,20,15~22,Выход: в а а й ъ я в а ъ а а й в в в й а а а а
петрова кузнецова дмитьрий васильева андрей елена дмитьрий сeргей елена кузнецов оьлга олга анастасия серьгей елена дмиьтрий иванов петрова ъирина,а а й а й а й й а в а а я й а й в а а,19,15~22,Выход: а а й а й а й й а в а а я й а й в а а
кузнецов сергей петров сергей елена смирнов олга ирина еленаъ олга смирнова петрова анастасия андрей смирнов алексей сeргей анна кузнецова оьлга,в й в й а в а а ъ а а а я й в й й а а а,20,15~22,Выход: в й в й а в а а ъ а а я й в й й а а
олга сeргей смирнов попов смирнова дмиьтрий дмитьрий ольга елена серьгей дмиьтрий анастасия попов ирина александръ еленаъ сeргей ольга,а й в в а й й а а й й я в а ъ ъ й а,18,15~22,Выход: а й в в а й й а а й й я в а р ъ а й а
смирнов васильева смирнов петров сергейъ васильева иванова дмитьрий иванов серьгей смирнов кузнецов ирина сeргей петрова александръ анастасия васильева петрова анна олга,в а в в ъ а а й в й в в а й а ъ я а а а а,21,15~22,Выход: в а в в ъ а а й в й в в а й а ъ я а а а а
элена иванова сергейъ дмиьтрий ольга ирина дмитьрий иванова сергейъ андрей олга сергейъ сергейъ смирнов смирнов дмиьтрий иванова смирнова иванов,а а ъ й а а й а ъ й а ъ ъ в в й а а в,19,15~22,Выход: а а ъ й а а й а ъ й а ъ ъ в в й а а в
андрей александр иванов серьгей еленаъ александр олга еленаъ васильева кузнецов сергейъ ъирина элена иванова олга,й р в й ъ р а ъ а в ъ а а а а,15,15~22,Выход: й р в й ъ р а ъ а в ъ а а а
еленаъ анна петрова дмитьрий смирнов васильева дмиьтрий васильева оьлга александр элена анна алексей кузнецов серьгей иванова андрей,ъ а а й в а й а а р а а й в й а й,17,15~22,Выход: ъ а а й в а й а а р а а й в й а й
алексей еленаъ кузнецов сергей васильева ирина олга кузнецова анна дмитьрий анастасия елена сергейъ иванова кузнецов попов,й ъ в й а а а а а й я а ъ а в в,16,15~22,Выход: й ъ в й а а а а й я а а ъ а в в
дмитьрий дмитьрий анна оьлга ирина попов сергей алексей кузнецов дмитьрий дмитьрий серьгей ъирина сeргей васильева иванов смирнова,й й а а а в й й в й й й а й а в а,17,15~22,Выход: й й а а а в й й в й й й а й а в а
андрей васильева петров александръ анастасия смирнова ольга ольга александръ кузнецова ъирина серьгей элена ольга иванов алексей александр кузнецова оьлга элена,й а в ъ я а а а ъ а а й а а в й р а а а,20,15~22,Выход: й а в р я а а а р а й й а а в й р а а а
петров кузнецова ирина элена сергей александр васильева иванова александр олга дмиьтрий петрова сергей петров кузнецов петров сeргей,в а а а й р а а р а й а й в в в й,17,15~22,Выход: в а а а й р а а р а й а й в в й
кузнецов серьгей алексей петрова кузнецова кузнецова анастасия ирина александръ васильева анна андрей иванова алексей елена,в й й а а а я а ъ а а й а й а,15,15~22,Выход: в й й а а а я а ъ а а й а й а а
смирнов андрей анна ольга серьгей александр еленаъ сергей еленаъ оьлга анна васильева дмиьтрий александръ александръ еленаъ сергей александръ,в й а а й р ъ й ъ а а а й ъ ъ ъ й ъ,18,15~22,Выход: в й а а й р ъ й ъ а а а й р ъ ъ ъ й р ъ
иванова елена анна алексей кузнецов элена иванов элена олга оьлга анна алексей сергей иванова анна сергейъ попов олга петров,а а а й в а в а а а а й й а а ъ в а в,19,15~22,Выход: а а а й в а в а а а а й й а й ъ в а в
петров серьгей ирина петрова сергей элена олга васильева серьгей елена петрова андрей смирнова серьгей сeргей попов дмиьтрий александр сергейъ петров,в й а а й а а а й а а й а й й в й р ъ в,20,15~22,Выход: в й а а й а а а й а а й а й в й р ъ в
еленаъ смирнова серьгей еленаъ оьлга алексей петрова ъирина петров кузнецова петров элена сергей александръ петрова сергей смирнов андрей серьгей дмитьрий,ъ а й ъ а й а а в а в а й ъ а й в й й й,20,15~22,Выход: ъ а й ъ а й а а в а в а й р ъ а й в й й й
андрей элена андрей дмиьтрий попов дмиьтрий дмитьрий попов дмитьрий смирнова петров анна алексей элена кузнецова анастасия,й а й й в й й в й а в а й а а я,16,15~22,Выход: й а й й в й й в й а в а й а а я
сергей кузнецов ольга сергейъ оьлга алексей сергейъ сергей сергейъ анастасия анастасия оьлга кузнецов иванов смирнов александр александр сергейъ дмиьтрий серьгей,й в а ъ а й ъ й ъ я я а в в в р р ъ й й,20,15~22,Выход: й в а ъ а й ъ й ъ я я а в в в р р ъ й й
анастасия дмиьтрий дмитьрий александр дмитьрий попов сeргей сeргей александръ ирина олга андрей анна смирнов александр дмитьрий оьлга олга дмитьрий сергей александръ,я й й р й в й й ъ а а й а в р й а а й й ъ,21,15~22,Выход: я й й р й в й й р ъ а а й а в р й а а й й р ъ
алексей александръ кузнецов смирнов ольга васильева еленаъ иванова петров васильева петрова ольга дмиьтрий анна васильева,й ъ в в а а ъ а в а а а й а а,15,15~22,Выход: й ъ в в а а а а в а а а й а а
александр элена анна ъирина сергейъ попов иванова ольга элена алексей васильева сергей елена дмиьтрий ольга анна смирнова петрова сергейъ,р а а а ъ в а а а й а й а й а а а а ъ,19,15~22,Выход: р а а а ъ в а а а й а й а й а а а а ъ
иванов анна сeргей ольга попов сергей ирина попов смирнова кузнецов элена александръ ирина алексей анастасия олга андрей андрей иванова ирина,в а й а в й а в а в а ъ а й я а й й а а,20,15~22,Выход: в а й а в й а в а в а ръ а й я а й й а а
элена анна смирнова елена анастасия сeргей серьгей анна смирнова оьлга анна александръ оьлга сергей алексей,а а а а я й й а а а а ъ а й й,15,15~22,Выход: а а а а я й й а а а а р а а й й
андрей анна смирнова серьгей алексей кузнецов дмиьтрий дмитьрий алексей анна кузнецов александр дмиьтрий элена кузнецов елена попов олга смирнова ъирина,й а а й й в й й й а в р й а в а в а а а,20,15~22,Выход: й а а й й в й й й а в р й а в а в а а а
попов оьлга анна ъирина дмитьрий иванова елена александръ алексей анна ирина сeргей елена анна иванов иванов андрей дмитьрий иванова,в а а а й а а ъ й а а й а а в в й й а,19,15~22,Выход: в а а а й а а ъ й а а й а а в в й й а
ольга кузнецова дмиьтрий попов петров александръ кузнецова анна елена дмиьтрий ольга ольга ъирина петров смирнова васильева олга смирнов ирина,а а й в в ъ а а а й а а а в а а а в а,19,15~22,Выход: а а й в в ъ а а а й а а а в а а а в а
ольга алексей елена иванов кузнецова дмиьтрий смирнова иванова александр елена ъирина дмиьтрий ъирина ирина александръ сергейъ смирнов еленаъ,а й а в а й а а р а а й а а ъ ъ в ъ,18,15~22,Выход: а й а в а й а а р а й й а р ъ ъ в а
элена александръ анастасия андрей иванов петров сeргей иванов васильева анастасия попов иванова ольга анастасия петров,а ъ я й в в й в а я в а а я в,15,15~22,Выход: а ъ я й в в й в а я в а я в
дмитьрий кузнецова кузнецова сeргей александръ дмиьтрий смирнов анна ольга анастасия кузнецов александръ олга олга олга смирнова сергейъ петров,й а а й ъ й в а а я в ъ а а а а ъ в,18,15~22,Выход: й а а й ъ й в а а я в ъ а а а а й ъ в
александр петрова попов ирина сергей елена александръ ольга кузнецова кузнецова элена петрова серьгей сергейъ алексей смирнова попов,р а в а й а ъ а а а а а й ъ й а в,17,15~22,Выход: р а в а й а р а а а а а й й й а в
андрей ольга оьлга иванова александр сeргей еленаъ васильева анна кузнецова оьлга оьлга серьгей александр оьлга сeргей александръ попов олга ъирина оьлга,й а а а р й ъ а а а а а й р а й ъ в а а а,21,15~22,Выход: й а а а р й а в а а а а й р а й р ъ в а а а
сeргей андрей петров елена олга иванов смирнов сергей петров иванова смирнова елена иванова петрова ольга анна серьгей иванов ирина иванова дмиьтрий,й й в а а в в й в а а а а а а а й в а а й,21,15~22,Выход: й й в а а в в й в а а а а а а а й в а а й
дмитьрий алексей дмитьрий сергейъ смирнова александр ъирина дмитьрий петров иванов елена иванова васильева петров алексей дмитьрий олга кузнецова петров дмитьрий кузнецов,й й й ъ а р а й в в а а а в й й а а в й в,21,15~22,Выход: й й й ъ а р а й в в а а в й й а а в й в
ольга ирина кузнецова дмитьрий александр ирина анастасия ольга оьлга кузнецов кузнецов анна анна сeргей иванов васильева попов анна дмитьрий александръ,а а а й р а я а а в в а а й в а в а й ъ,20,15~22,Выход: а а а й р а я а а в в а а й в а в а й р ъ
кузнецов ольга андрей иванова иванов дмиьтрий сергей сергей петров сeргей еленаъ александр андрей смирнов анастасия кузнецов петрова ъирина васильева сeргей иванова,в а й а в й й й в й ъ р й в я в а а а й а,21,15~22,Выход: в а й а в й й й в й а р й в я в а а а й а
васильева смирнова элена элена серьгей петрова ольга ирина петрова андрей серьгей иванов кузнецова андрей александръ элена иванов петрова ъирина,а а а а й а а а а й й в а й ъ а в а а,19,15~22,Выход: а а а а й а а а а й й в а й р ъ а в а а
ирина серьгей попов элена сергей смирнов анастасия элена иванов еленаъ сeргей олга дмитьрий дмиьтрий дмитьрий олга элена анна сергейъ петрова элена,а й в а й в я а в ъ й а й й й а а а ъ а а,21,15~22,Выход: а й в а й в а а в а й а й й й а а а й а а а
елена ъирина алексей кузнецова еленаъ александр елена смирнова ирина иванов кузнецов попов елена дмиьтрий сергей серьгей,а а й а ъ р а а а в в в а й й й,16,15~22,Выход: а а й а ъ р а а в в в в а й й й
андрей иванов кузнецова васильева андрей олга сeргей оьлга анастасия ольга сeргей иванов сeргей серьгей еленаъ ъирина алексей,й в а а й а й а я а й в й й ъ а й,17,15~22,Выход: й в а а й а й а я а й в й й а ъ а й
анастасия еленаъ смирнова элена элена сeргей,я ъ а а а й,6,1~8,Выход: я ъ а а а й
елена ъирина,а а,2,1~8,Выход: а а
дмиьтрий сергей смирнов дмитьрий дмитьрий васильева андрей,й й в й й а й,7,1~8,Выход: й й в й й а й
ъирина кузнецова васильева дмитьрий,а а а й,4,1~8,Выход: а а а й
сергей дмиьтрий попов олга,й й в а,4,1~8,Выход: й й в а
еленаъ петров андрей олга ъирина олга петров,ъ в й а а а в,7,1~8,Выход: ъ в й а а а в
кузнецов алексей олга кузнецова сергей ъирина,в й а а й а,6,1~8,Выход: в й а а й а
анна кузнецов алексей анастасия смирнов петрова,а в й я в а,6,1~8,Выход: а в й я в а
сергей петров сергейъ елена,й в ъ а,4,1~8,Выход: й в й а
смирнов анастасия дмиьтрий елена сeргей смирнов элена,в я й а й в а,7,1~8,Выход: в а й а й в а
кузнецов серьгей,в й,2,1~8,Выход: в й
смирнова дмиьтрий анастасия иванова смирнова,а й я а а,5,1~8,Выход: а й а а а
сeргей попов елена александръ смирнова кузнецов дмитьрий,й в а ъ а в й,7,1~8,Выход: й в а ъ а в й
петров александр анна ирина,в р а а,4,1~8,Выход: в р а а
дмиьтрий оьлга ирина кузнецова алексей элена,й а а а й а,6,1~8,Выход: й а а а й а
иванов петрова александръ сергейъ,в а ъ ъ,4,1~8,Выход: в а ъ ъ
васильева андрей олга иванов алексей алексей,а й а в й й,6,1~8,Выход: а й а в й й
андрей дмитьрий александр иванов попов александръ алексей,й й р в в ъ й,7,1~8,Выход: й й р в в ъ й
алексей алексей александр дмитьрий дмитьрий иванова,й й р й й а,6,1~8,Выход: й й р й й а
серьгей серьгей попов александр,й й в р,4,1~8,Выход: й й в р
дмитьрий васильева ирина васильева оьлга васильева елена,й а а а а а а,7,1~8,Выход: й а а а а а а
иванов сергейъ дмитьрий элена,в ъ й а,4,1~8,Выход: в ъ й а
серьгей иванов кузнецов анастасия иванова кузнецова,й в в я а а,6,1~8,Выход: й в в а а а
сeргей сергейъ александр кузнецова,й ъ р а,4,1~8,Выход: й ъ р а
иванов смирнова,в а,2,1~8,Выход: в а
элена олга дмитьрий олга ъирина еленаъ элена,а а й а а ъ а,7,1~8,Выход: а а й а а а а
сергей ольга васильева александръ иванов петрова,й а а ъ в а,6,1~8,Выход: й а а ъ в а
дмитьрий александръ сергейъ,й ъ ъ,3,1~8,Выход: й д ъ
элена александръ петрова,а ъ а,3,1~8,Выход: а ъ а
петров ольга петрова сергейъ андрей попов александр,в а а ъ й в р,7,1~8,Выход: в а а ъ й в р
елена иванова андрей серьгей сергейъ,а а й й ъ,5,1~8,Выход: а а й й ъ
ольга кузнецова анна,а а а,3,1~8,Выход: а а а
ольга еленаъ сергейъ александр,а ъ ъ р,4,1~8,Выход: а ъ ъ р
сергей ольга александр дмиьтрий серьгей дмитьрий,й а р й й й,6,1~8,Выход: й а р й й й
петров кузнецова кузнецов попов сeргей алексей,в а в в й й,6,1~8,Выход: в а в в й й
ольга анна андрей александръ анастасия еленаъ,а а й ъ я ъ,6,1~8,Выход: а а й ъ я а
елена александр дмиьтрий петрова иванова анастасия,а р й а а я,6,1~8,Выход: а р й а а я
иванов кузнецов кузнецов,в в в,3,1~8,Выход: в в в
петров элена ольга анастасия олга анна иванов,в а а я а а в,7,1~8,Выход: в а а я а а в
андрей иванова сергейъ дмитьрий иванов,й а ъ й в,5,1~8,Выход: й а ъ й в
элена петров ъирина андрей элена,а в а й а,5,1~8,Выход: а в а й а
анна попов дмитьрий ольга елена ъирина ирина,а в й а а а а,7,1~8,Выход: а в й а а а а
смирнова елена попов,а а в,3,1~8,Выход: а а в
оьлга попов,а в,2,1~8,Выход: а в
оьлга сергей,а й,2,1~8,Выход: а й
петрова андрей ъирина александр иванов,а й а р в,5,1~8,Выход: а й а р в
смирнов оьлга петров серьгей сергей андрей,в а в й й й,6,1~8,Выход: в а в й й й
васильева дмиьтрий ирина иванова оьлга кузнецова,а й а а а а,6,1~8,Выход: а й а а а а
сергейъ серьгей еленаъ васильева кузнецова,ъ й ъ а а,5,1~8,Выход: ъ й а а а
серьгей анна серьгей кузнецова петров васильева,й а й а в а,6,1~8,Выход: й а й а в а
иванов анастасия еленаъ васильева сергей,в я ъ а й,5,1~8,Выход: в а ъ а й
дмиьтрий элена алексей васильева,й а й а,4,1~8,Выход: й а й а
сергей иванов смирнов,й в в,3,1~8,Выход: й в в
васильева дмиьтрий петрова анастасия еленаъ,а й а я ъ,5,1~8,Выход: а й а я ъ
смирнова элена,а а,2,1~8,Выход: а а
оьлга васильева серьгей дмиьтрий анастасия,а а й й я,5,1~8,Выход: а а й й я
ольга ирина елена васильева андрей петров,а а а а й в,6,1~8,Выход: а а а а й в
кузнецова смирнова олга,а а а,3,1~8,Выход: а а а
олга александр олга алексей еленаъ смирнова,а р а й ъ а,6,1~8,Выход: а р а й ъ а
сергей петров дмитьрий васильева иванов иванов,й в й а в в,6,1~8,Выход: й в й а в в
серьгей иванова сергей элена,й а й а,4,1~8,Выход: й а й а
смирнов олга иванов серьгей ъирина,в а в й а,5,1~8,Выход: в а в й а
андрей иванова серьгей ирина дмитьрий,й а й а й,5,1~8,Выход: й а й а й
смирнов александр попов серьгей кузнецов андрей,в р в й в й,6,1~8,Выход: в р в й в й
сeргей оьлга,й а,2,1~8,Выход: й а
иванов кузнецов сергейъ серьгей андрей,в в ъ й й,5,1~8,Выход: в в ъ й й
смирнов анастасия ирина анастасия андрей андрей кузнецов,в я а я й й в,7,1~8,Выход: в а а я й й в
иванов иванов серьгей александръ васильева анна сергейъ,в в й ъ а а ъ,7,1~8,Выход: в в й ъ а а ъ
дмитьрий иванова анастасия,й а я,3,1~8,Выход: й а я
дмиьтрий ольга анастасия петрова анна андрей ольга,й а я а а й а,7,1~8,Выход: й а я а а й а
анастасия дмиьтрий серьгей,я й й,3,1~8,Выход: а й й
анна елена сергейъ,а а ъ,3,1~8,Выход: а а ъ
елена оьлга петрова иванова александръ сергейъ,а а а а ъ ъ,6,1~8,Выход: а а а а р ъ
смирнов александръ ольга,в ъ а,3,1~8,Выход: в ъ а
оьлга ольга смирнов петров васильева,а а в в а,5,1~8,Выход: а а в в а
васильева смирнова алексей кузнецов ъирина ъирина элена кузнецов васильева александр александръ ъирина андрей васильева андрей смирнов кузнецова петрова васильева кузнецова сергейъ олга алексей,а а й в а а а в а р ъ а й а й в а а а а ъ а й,23,22~30,Выход: а а й в а а а в а р д ъ а й а й в а а в а й а й
анастасия кузнецова дмитьрий иванов иванова смирнов еленаъ оьлга еленаъ александръ элена иванова александръ петров иванова ольга алексей андрей еленаъ сергейъ васильева алексей кузнецов алексей попов,я а й в а в ъ а ъ ъ а а ъ в а а й й ъ ъ а й в й в,25,22~30,Выход: я а й в а в а а а р а а р в а а й й й й в а й в
анна елена сергей элена смирнова попов смирнова оьлга сергейъ александръ кузнецова смирнов сeргей олга васильева петров васильева елена оьлга дмитьрий еленаъ анастасия сергей анна андрей анастасия олга смирнова серьгей,а а й а а в а а ъ ъ а в й а а в а а а й ъ я й а й я а а й,29,22~30,Выход: а а й а а в а а й р а в й а в а а а й а а й я й а й а я а й
васильева кузнецов анастасия элена серьгей ирина елена сергей ъирина сергей алексей попов смирнова ирина петров александр смирнова андрей ольга анна сeргей оьлга ирина андрей сeргей еленаъ,а в я а й а а й а й й в а а в р а й а а й а а й й ъ,26,22~30,Выход: а в а а й а а й а й й в а а в р а й а а й а а й й а
иванов анна иванов элена алексей олга алексей андрей анна олга смирнова петров смирнов сeргей иванов александр ъирина олга ъирина смирнов петрова анастасия элена ъирина петрова петров александръ сергейъ иванов,в а в а й а й й а а а в в й в р а а а в а я а а а в ъ ъ в,29,22~30,Выход: в а в а й а й й а а а в в в й в р а а р а а а в а я я в
иванова еленаъ кузнецова олга кузнецов серьгей петрова элена ирина сергей анна васильева оьлга петрова дмиьтрий иванова петров сергейъ сергей васильева оьлга ольга,а ъ а а в й а а а й а а а а й а в ъ й а а а,22,22~30,Выход: а ъ а а в й а а а й а а а а й а в й й а а а а
анна смирнова смирнов александр кузнецов дмитьрий елена петров серьгей смирнов дмитьрий петрова васильева александръ иванова дмитьрий ъирина иванов дмиьтрий кузнецов алексей олга ольга иванов андрей ъирина,а а в р в й а в й в й а а ъ а й а в й в й а а в й а,26,22~30,Выход: а а в р в й а в й в а р а й а в й в й й а й а а а й а
сергейъ алексей александръ ольга серьгей олга дмиьтрий дмиьтрий кузнецова иванов александръ смирнов серьгей смирнова смирнова оьлга дмиьтрий иванов сергей петров смирнова кузнецов оьлга кузнецов анна дмитьрий,ъ й ъ а й а й й а в ъ в й а а а й в й в а в а в а й,26,22~30,Выход: ъ й р а й а й й а в р в й а а а й в й в а в а а й
ъирина кузнецов андрей ирина оьлга олга васильева иванова дмитьрий сергейъ иванов кузнецов иванова ольга елена смирнова анна ольга петров алексей алексей сeргей елена,а в й а а а а а й ъ в в а а а а а а в й й й а,23,22~30,Выход: а в й а а а а а й ъ в в а а а а в й й й а
дмиьтрий анастасия анна еленаъ кузнецов кузнецов петров смирнова кузнецова кузнецова дмиьтрий дмитьрий ирина иванова дмиьтрий сeргей элена оьлга иванова сeргей оьлга анна елена сeргей,й я а ъ в в в а а а й й а а й й а а а й а а а й,24,22~30,Выход: й а а ъ в в в а а й й й а а й й а а а й а а а й
анна анна сeргей серьгей елена васильева оьлга васильева ъирина ирина серьгей елена элена иванов ъирина попов васильева анна анна иванова ольга иванова иванов дмитьрий ольга сергей олга петров кузнецов,а а й й а а а а а а й а а в а в а а а а а а в й а й а в в,29,22~30,Выход: а а й й а а а а а а й а а в а в а а а а а а в а а й а а в в й а й в
ольга васильева сергей дмитьрий оьлга ирина андрей иванов иванова дмиьтрий олга петрова ъирина елена петрова анна смирнова дмитьрий дмиьтрий попов серьгей алексей ъирина,а а й й а а й в а й а а а а а а а й й в й й а,23,22~30,Выход: а а й й а а й в а й а а а а а а й й в й й а
оьлга попов андрей смирнов ирина смирнова петров ирина анастасия кузнецова ольга анастасия оьлга иванова сергей петров анастасия кузнецова смирнов попов анна кузнецова попов серьгей елена,а в й в а а в а я а а я а а й в я а в в а а в й а,25,22~30,Выход: а в й в а а в а я а а я а а й в я а в а а а в й а
андрей андрей анна дмиьтрий васильева александръ петрова елена оьлга ольга анна дмиьтрий васильева андрей сeргей оьлга петров ирина анна ъирина кузнецова ирина смирнов серьгей сeргей петров,й й а й а ъ а а а а а й а й й а в а а а а а в й й в,26,22~30,Выход: й й а й а р а а а а а й а й й а в а а а а а в й й в
элена ольга дмитьрий кузнецов петрова смирнова кузнецов петрова попов ъирина попов оьлга иванова элена сeргей сeргей оьлга сергейъ ъирина смирнов ольга смирнова ирина иванов анастасия смирнов,а а й в а а в а в а в а а а й й а ъ а в а а а в я в,26,22~30,Выход: а а й в а а в а в а в а а а й й а й а в а а а в а а в
ирина ольга анна сeргей кузнецов ирина иванов алексей сергей попов сергейъ кузнецова васильева ъирина сергей анастасия дмитьрий иванова оьлга сергей анна дмитьрий,а а а й в а в й й в ъ а а а й я й а а й а й,22,22~30,Выход: а а а й в а в й й в ъ а а а й я й а а й а я й
петров еленаъ оьлга олга ъирина ольга смирнова васильева елена иванова петрова смирнов ирина дмиьтрий петров оьлга петрова смирнова сергейъ серьгей андрей елена иванова смирнов,в ъ а а а а а а а а а в а й в а а а ъ й й а а в,24,22~30,Выход: в ъ а а а а а а а а а в а й в а а ъ й й а а в в
серьгей смирнова александр александр сергейъ попов андрей кузнецова попов еленаъ ирина еленаъ серьгей ирина иванов попов оьлга александр александр петрова елена ольга,й а р р ъ в й а в ъ а ъ й а в в а р р а а а,22,22~30,Выход: й а р р ъ в й а в а а а й а в в а а а а а а
иванов элена дмитьрий анастасия иванов дмитьрий иванова иванова оьлга иванов александръ ъирина ъирина петров петрова иванова смирнов дмитьрий андрей попов петров елена петров попов смирнов елена серьгей,в а й я в й а а а в ъ а а в а а в й й в в а в в в а й,27,22~30,Выход: в а й а в й а а а в р а а в а в й й в в а в а в а в й
петрова попов сeргей александръ петров анастасия александр алексей оьлга кузнецова анна кузнецов дмитьрий серьгей еленаъ иванов иванова серьгей иванова васильева ъирина иванов сергейъ иванов кузнецова сергейъ еленаъ александр смирнов,а в й ъ в я р й а а а в й й ъ в а й а а а в ъ в а ъ ъ р в,29,22~30,Выход: а в й ъ в я р й а а в й й а ъ в а й а а ъ в а ъ в а й ъ а ъ р в
оьлга васильева смирнова андрей сергейъ ольга кузнецов петрова дмитьрий ирина иванова оьлга андрей сергей петров васильева олга оьлга александр элена еленаъ кузнецова ирина александръ петров анна элена ъирина,а а а й ъ а в а й а а а й й в а а а р а ъ а а ъ в а а а,28,22~30,Выход: а а а й ъ а в а й а а а й й в а а а р а а ъ а а р в а а а
петров дмиьтрий анастасия иванов еленаъ иванов сергейъ еленаъ сергейъ смирнова смирнов смирнова александр петрова иванов ирина сeргей ирина алексей сeргей васильева серьгей смирнова петров сeргей алексей анастасия,в й я в ъ в ъ ъ ъ а в а р а в а й а й й а й а в й й я,27,22~30,Выход: в й а в а в й а й а в а р а в а й а й й й а й а в й а й й а
алексей петрова алексей петрова еленаъ ирина элена смирнова дмитьрий петрова анастасия анастасия попов оьлга ъирина иванова серьгей серьгей попов петров ъирина дмиьтрий сергейъ попов алексей дмитьрий петров александръ ольга,й а й а ъ а а а й а я я в а а а й й в в а й ъ в й й в ъ а,29,22~30,Выход: й а й а ъ а а а й а я я в а а а в й й в в ъ й й ъ в й й в а ъ а
петров иванов алексей серьгей иванова сергей сергейъ элена сeргей элена иванов анна елена сергейъ елена сергейъ сергейъ смирнова серьгей ъирина сeргей ирина смирнова васильева,в в й й а й ъ а й а в а а ъ а ъ ъ а й а й а а а,24,22~30,Выход: в в й й а й й а й а в а а й а й й а й а й а а а
сергейъ оьлга кузнецова иванова элена ирина елена сергейъ александр алексей кузнецова сергейъ анастасия смирнов оьлга олга ирина кузнецова анна сергей попов ъирина петрова,ъ а а а а а а ъ р й а ъ я в а а а а а й в а а,23,22~30,Выход: ъ а а а а а а ъ р й а ъ я в а а а а й в ъ а
сeргей андрей попов элена попов петрова ольга александр попов оьлга сергейъ кузнецов петров елена иванова ольга александръ алексей сeргей элена анна ирина анна дмиьтрий сергей дмиьтрий сергейъ смирнов,й й в а в а а р в а ъ в в а а а ъ й й а а а а й й й ъ в,28,22~30,Выход: й й в а в а а р в а й в в а а а р й а а а а й й й й ъ в
кузнецова александръ иванова олга дмитьрий попов элена еленаъ андрей елена александръ кузнецова смирнова ирина александръ сергей олга дмиьтрий серьгей сергей иванов петров кузнецова,а ъ а а й в а ъ й а ъ а а а ъ й а й й й в в а,23,22~30,Выход: а ъ а а й в а ъ й а ъ а а а ъ й а й й й в в а
дмитьрий алексей петрова анастасия александр олга анастасия анна ольга еленаъ васильева иванов серьгей олга кузнецова иванов дмитьрий оьлга дмитьрий оьлга андрей алексей,й й а я р а я а а ъ а в й а а в й а й а й й,22,22~30,Выход: й й а я р а я а а ъ а в й а а в й а а й й
ирина сергей ирина иванов елена сергей дмиьтрий анна сeргей ирина петрова анна васильева дмиьтрий елена сергейъ елена элена ольга петрова иванова элена кузнецова,а й а в а й й а й а а а а й а ъ а а а а а а а,23,22~30,Выход: а й а в а й й а й а а а а й а й ъ а а а а а а а
еленаъ анна иванова андрей сергейъ еленаъ иванов оьлга васильева александръ анна александръ кузнецова иванова еленаъ анастасия кузнецова иванова серьгей смирнова дмиьтрий оьлга алексей александръ ирина еленаъ александръ,ъ а а й ъ ъ в а а ъ а ъ а а ъ я а а й а й а й ъ а ъ ъ,27,22~30,Выход: ъ а а й ъ ъ в а а р ъ а р а а я а а й а й а й р ъ а ъ
смирнов кузнецова иванова алексей элена петрова елена васильева елена смирнова дмитьрий кузнецова петрова смирнов васильева ъирина кузнецова дмиьтрий попов смирнова ъирина попов,в а а й а а а а а а й а а в а а а й в а а в,22,22~30,Выход: в а а й а а а а а в й а а в а а й в а а в
оьлга иванов элена попов елена александръ смирнова александръ еленаъ ъирина елена иванова иванова александр петрова александр елена анна кузнецова сергейъ елена алексей иванова олга,а в а в а ъ а ъ ъ а а а а р а р а а а ъ а й а а,24,22~30,Выход: а в а в а ъ а ъ а а а а а р а р а а а й а й а а
андрей петров ирина александр дмиьтрий андрей кузнецова кузнецова сергей дмиьтрий петров александр серьгей ольга оьлга александръ иванова олга иванов смирнова петрова петров дмиьтрий ольга ъирина,й в а р й й а а й й в р й а а ъ а а в а а в й а а,25,22~30,Выход: й в а р й й а а й й в р й а а р ъ а а в а в а в й а а
андрей кузнецова сeргей кузнецов ъирина петрова анастасия иванова сергейъ анна анастасия дмиьтрий сeргей андрей серьгей александръ дмиьтрий ирина васильева кузнецов ъирина ольга анастасия олга ирина,й а й в а а я а ъ а я й й й й ъ й а а в а а я а а,25,22~30,Выход: й а й в а а я а ъ а я й й й й р ъ й а а в а а а а а а
ольга олга иванова олга елена иванов попов андрей сeргей смирнов смирнова сергей иванова ирина алексей иванова серьгей сергейъ елена елена алексей анна алексей дмиьтрий еленаъ васильева еленаъ иванова,а а а а а в в й й в а й а а й а й ъ а а й а й й ъ а ъ а,28,22~30,Выход: а а а а а в в й й в а й а а й а й й а а й а й й а а а а
иванова еленаъ сергейъ олга кузнецов оьлга иванов еленаъ сергей смирнов смирнова смирнова алексей элена александр петрова анастасия сергейъ кузнецова олга петрова серьгей петрова ольга серьгей ирина элена ирина ольга,а ъ ъ а в а в ъ й в а а й а р а я ъ а а а й а а й а а а а,29,22~30,Выход: а ъ й а в а в а ъ й в а а й а а а я й а а а й а а й а а а а
сергей кузнецов оьлга ирина оьлга смирнова петрова дмитьрий кузнецова васильева оьлга петров александр серьгей петров кузнецова васильева еленаъ анна анастасия петров анастасия еленаъ дмиьтрий елена анна смирнов,й в а а а а а й а а а в р й в а а ъ а я в я ъ й а а в,27,22~30,Выход: й в а а а а а й а а а в р й в а а ъ а я в я ъ й а а в
петров дмитьрий ъирина сeргей иванов серьгей андрей сeргей еленаъ кузнецова иванова анна ирина серьгей кузнецова алексей александръ сергейъ смирнова иванова ирина андрей петров оьлга дмиьтрий попов елена дмитьрий ъирина,в й а й в й й й ъ а а а а й а й ъ ъ а а а й в а й в а й а,29,22~30,Выход: в й а й в й й й а а а а а й а й р ъ а а а й в а й р а й й в а й а
олга андрей попов елена сергейъ алексей ъирина александр петров ирина иванов иванова петров елена сергей дмитьрий смирнова дмитьрий дмиьтрий анна серьгей ольга дмитьрий дмитьрий петрова элена ъирина кузнецов,а й в а ъ й а р в а в а в а й й а й й а й а й й а а а в,28,22~30,Выход: а й в а ъ й а р в а в а в а й й а й й а й а й й а а а в а
сeргей иванова элена елена олга серьгей анастасия серьгей попов элена александръ иванов попов анастасия кузнецов алексей андрей иванов александр кузнецов иванова иванова алексей ирина,й а а а а й я й в а ъ в в я в й й в р в а а й а,24,22~30,Выход: й а а а а й я й в а р в в я в й й в р в а а й а
александр алексей смирнов ъирина кузнецова иванов андрей алексей олга кузнецова ирина оьлга олга сeргей попов алексей иванов элена ольга иванова попов анастасия,р й в а а в й й а а а а а й в й в а а а в я,22,22~30,Выход: р й в а а в й й а а а а а й в й в а а а в а я
оьлга анна серьгей иванов андрей смирнова кузнецов попов серьгей петрова элена иванова елена кузнецова ольга смирнова алексей александр олга элена ъирина серьгей анастасия васильева еленаъ попов еленаъ,а а й в й а в в й а а а а а а а й р а а а й я а ъ в ъ,27,22~30,Выход: а а й в й а в в й а а а а а а й р а а а а а й я а а в а ъ в ъ
петрова серьгей анастасия ъирина анастасия иванов алексей кузнецов кузнецов андрей андрей дмиьтрий анастасия александр еленаъ александръ смирнова смирнов сергейъ оьлга попов иванов,а й я а я в й в в й й й я р ъ ъ а в ъ а в в,22,22~30,Выход: а й а а а в й в в й й й а р а р а в й а в в
дмитьрий сергей петров кузнецова иванов анна анна андрей еленаъ смирнова анастасия елена петров ирина александръ сeргей олга васильева алексей анастасия александр смирнова серьгей елена кузнецова сергейъ ольга петров ъирина,й й в а в а а й ъ а я а в а ъ й а а й я р а й а а ъ а в а,29,22~30,Выход: й й в а в а а й а а я а в а р ъ й а а й я р а й а а ъ а в а
сергей дмитьрий сергейъ сeргей сергей олга серьгей попов алексей петров анастасия ольга ирина иванова иванова иванов петров петров дмитьрий еленаъ смирнова иванова дмиьтрий смирнов попов дмиьтрий серьгей кузнецов александр,й й ъ й й а й в й в я а а а а в в в й ъ а а й в в й й в р,29,22~30,Выход: й й ъ й й а й в й в а а а а а в в й ъ а а й в й й й в р
александр петров елена смирнов иванов смирнова попов алексей андрей ъирина смирнов иванов кузнецова анастасия сeргей иванов васильева иванова кузнецова дмиьтрий смирнова кузнецова дмитьрий петров васильева элена элена кузнецова попов,р в а в в а в й й а в в а я й в а а а й а а й в а а а а в,29,22~30,Выход: р в а в в а в й й а в в а я й в а а а й а а й в а а а а
смирнов дмиьтрий сергей анна попов анастасия элена елена оьлга сeргей сeргей александръ иванова попов андрей дмитьрий сергейъ сергей петров петров ольга дмитьрий,в й й а в я а а а й й ъ а в й й ъ й в в а й,22,22~30,Выход: в й й а в я а а а й й р а в в й й й й в в а й
дмиьтрий смирнов иванов петров ольга смирнова иванова кузнецов алексей еленаъ ольга сергейъ ольга смирнов дмиьтрий оьлга ирина андрей олга олга кузнецов еленаъ ольга элена кузнецов,й в в в а а а в й ъ а ъ а в й а а й а а в ъ а а в,25,22~30,Выход: й в в в а а а в й ъ а ъ а в й а а й а а в ъ а а в
петров кузнецова анна андрей анастасия кузнецов дмиьтрий элена дмиьтрий попов смирнова ольга смирнова андрей александр дмиьтрий иванова попов дмиьтрий александр васильева елена анастасия анна олга,в а а й я в й а й в а а а й р й а в й р а а я а а,25,22~30,Выход: в а а й я в й а й в а а а й р й а в й р а а а а а
ольга анна ольга александр ъирина сeргей серьгей анастасия кузнецова оьлга смирнова иванова сергейъ смирнов васильева олга сергейъ александръ смирнова андрей сергей алексей попов васильева смирнов смирнова оьлга,а а а р а й й я а а а а ъ в а а ъ ъ а й й й в а в а а,27,22~30,Выход: а а а р а й й я а а а а ъ в а а ъ р а й й в а в а а
иванов петрова анастасия андрей смирнова попов васильева иванова иванов ольга иванова сергейъ сергейъ кузнецова анна алексей петрова иванов еленаъ дмитьрий алексей попов серьгей дмитьрий ирина оьлга кузнецов,в а я й а в а а в а а ъ ъ а а й а в ъ й й в й й а а в,27,22~30,Выход: в а я й а в а а в а а ъ ъ а а й а в а ъ й й в й й а а в
оьлга попов олга анастасия андрей александръ сергейъ серьгей сергейъ еленаъ дмитьрий олга смирнова кузнецова серьгей кузнецов смирнов еленаъ анастасия александр попов александр сeргей иванов александръ кузнецов серьгей васильева ирина,а в а я й ъ ъ й ъ ъ й а а а й в в ъ я р в р й в ъ в й а а,29,22~30,Выход: а в а я й р ъ й й ъ а й а а й в а а я р в р й в р й в а й а
олга ольга андрей анна петров петров сергейъ алексей петрова андрей анастасия александръ элена кузнецова еленаъ ольга иванова елена ирина васильева оьлга ъирина сeргей иванова петров,а а й а в в ъ й а й я ъ а а ъ а а а а а а а й а в,25,22~30,Выход: а а й а в в ъ й а й я ъ а а ъ а а а а а а а й а в
александръ анастасия ирина васильева смирнова алексей смирнова васильева еленаъ серьгей дмиьтрий анастасия александръ анна александръ ирина петрова олга алексей еленаъ сeргей ирина алексей дмитьрий смирнов,ъ я а а а й а а ъ й й я ъ а ъ а а а й ъ й а й й в,25,22~30,Выход: ъ я а а а й а а а й й я ъ а ъ а а а й а й й а й й в
алексей александръ андрей васильева петров иванова дмитьрий дмитьрий елена петров дмиьтрий ирина ирина петров кузнецов попов еленаъ серьгей элена кузнецова анастасия дмиьтрий попов оьлга,й ъ й а в а й й а в й а а в в в ъ й а а я й в а,24,22~30,Выход: й ъ й а в а й й а в й а а в в в а ъ й а а я й в а
ирина ирина оьлга дмиьтрий олга анастасия петрова смирнова элена алексей анна дмитьрий еленаъ сергей олга васильева дмитьрий иванова анастасия элена дмиьтрий андрей ирина,а а а й а я а а а й а й ъ й а а й а я а й й а,23,22~30,Выход: а а а й а я а а а й а й а ъ й а а й а я а й й а
анна анна сeргей алексей оьлга ирина смирнов олга олга александр елена смирнов андрей анастасия ольга дмиьтрий алексей смирнов кузнецов анна петров елена александр андрей андрей кузнецов,а а й й а а в а а р а в й я а й й в в а в а р й й в,26,22~30,Выход: а а й й а а в а а р а в й я а й й в в а в а р й й й в
александръ алексей петрова петров ирина сeргей сергейъ петров сергей смирнов елена елена петров сeргей сергейъ петров александр кузнецова сeргей ъирина алексей кузнецов серьгей элена,ъ й а в а й ъ в й в а а в й ъ в р а й а й в й а,24,22~30,Выход: ъ й а в а й ъ в й в а а в й ъ в р а й а й в й а
кузнецов кузнецов анна сергейъ иванов сeргей петрова кузнецова андрей элена сeргей ирина иванов анна еленаъ дмитьрий дмиьтрий иванов ирина петрова сергейъ смирнов оьлга еленаъ элена,в в а ъ в й а а й а й а в а ъ й й в а а ъ в а ъ а,25,22~30,Выход: в в а ъ в й а а й а й а в а а ъ й й в а а ъ в а а ъ а
ирина олга иванов иванова алексей елена васильева ирина петров алексей смирнова алексей ъирина сeргей смирнова сeргей сeргей елена ирина элена иванов смирнова сергей,а а в а й а а а в й а й а й а й й а а а в а й,23,22~30,Выход: а а в а й а а а в й а й а й а й й а а а в а й
дмиьтрий анастасия смирнова алексей иванов сергей ольга анна иванова попов дмиьтрий попов иванова елена ольга дмитьрий еленаъ петрова ольга серьгей дмиьтрий смирнов серьгей алексей анна,й я а й в й а а а в й в а а а й ъ а а й й в й й а,25,22~30,Выход: й а а й в й а а а в й в а а й а а а й й в й й й а
андрей александр попов анна иванов петров ольга александр иванов дмитьрий васильева иванова смирнова иванов дмиьтрий серьгей андрей еленаъ попов ольга элена ольга еленаъ иванов петров ирина элена анна олга,й р в а в в а р в й а а а в й й й ъ в а а а ъ в в а а а а,29,22~30,Выход: й р в а в в а р в й а а а й й й ъ в а а а ъ в в а а а а а
еленаъ дмиьтрий иванов петрова оьлга ъирина ъирина серьгей еленаъ серьгей иванов серьгей ъирина дмитьрий серьгей сергей андрей серьгей иванов попов кузнецова петрова анна петров анна серьгей иванова серьгей олга,ъ й в а а а а й ъ й в й а й й й й й в в а а а в а й а й а,29,22~30,Выход: ъ й в а а а а й ъ й в й а й й й й в в а а а в а й а й а
александр еленаъ сeргей иванова серьгей смирнова олга олга смирнова смирнова васильева александръ оьлга петрова елена кузнецов ирина ирина сергей смирнова оьлга петров андрей ъирина попов еленаъ васильева андрей,р ъ й а й а а а а а а ъ а а а в а а й а а в й а в ъ а й,28,22~30,Выход: р ъ й а й а а а а а а ъ а а а в а а й а а в й а в а о ъ а а й
дмитьрий петрова попов петрова александръ александръ петрова серьгей анастасия оьлга васильева александръ анастасия александръ александр оьлга дмиьтрий смирнова смирнова кузнецов сeргей ирина дмитьрий ъирина еленаъ,й а в а ъ ъ а й я а а ъ я ъ р а й а а в й а й а ъ,25,22~30,Выход: й а в а ъ ъ а й я а а ъ я ъ р а й а а в й а й й а ъ
смирнова смирнов дмитьрий смирнов сeргей дмитьрий элена дмитьрий ольга элена олга сергейъ сергей ирина смирнова андрей ольга попов сергейъ алексей елена серьгей,а в й в й й а й а а а ъ й а а й а в ъ й а й,22,22~30,Выход: а в й в й й а й а а а ъ й а а й а в ъ й а й
иванова ъирина елена попов олга петрова дмитьрий андрей александр иванов оьлга александръ петров ольга васильева смирнов петров смирнов анна дмитьрий андрей кузнецова ъирина ъирина,а а а в а а й й р в а ъ в а а в в в а й й а а а,24,22~30,Выход: а а а в а а й й р в а р в а в в а й й а а а
иванова смирнов васильева сергейъ елена ъирина попов андрей петрова кузнецова элена иванов олга сeргей алексей еленаъ олга попов кузнецова иванов сергейъ олга анастасия,а в а ъ а а в й а а а в а й й ъ а в а в ъ а я,23,22~30,Выход: а в а ъ а а в й а а а в а й й а а в а в ъ а я
смирнова александръ иванов олга сергейъ сeргей анастасия алексей елена сeргей анна ирина иванов александръ сeргей анастасия александръ алексей смирнов еленаъ ъирина елена,а ъ в а ъ й я й а й а а в ъ й я ъ й в ъ а а,22,22~30,Выход: а ъ в а ъ й я й а й а а в ъ й я ъ й в а ъ а а
алексей петров сергейъ иванова кузнецов олга ъирина элена ъирина ъирина попов васильева смирнов васильева петрова ъирина елена иванов васильева попов ирина еленаъ петрова оьлга сергей анна анна петров серьгей,й в ъ а в а а а а а в а в а а а а в а в а ъ а а й а а в й,29,22~30,Выход: й в ъ а в а а а а а в а в а а а а в а в а а а а а й а а в й
дмиьтрий ольга кузнецова попов александръ кузнецова дмиьтрий еленаъ ъирина анастасия андрей анна кузнецова алексей александръ ъирина ирина ъирина елена сергейъ олга ольга иванова алексей васильева еленаъ александр,й а а в ъ а й ъ а я й а а й ъ а а а а ъ а а а й а ъ р,27,22~30,Выход: й а а в р а й а а я й а а й й р а а а а й а а а й а а р
сeргей оьлга дмитьрий васильева петров александр елена иванов дмитьрий петрова петров серьгей иванова александр смирнова смирнов дмиьтрий сeргей смирнов александръ кузнецова дмитьрий,й а й а в р а в й а в й а р а в й й в ъ а й,22,22~30,Выход: й а й а в р а в й а в й а р а в й в р ъ а й
оьлга петров серьгей иванов дмиьтрий петрова серьгей иванов кузнецов васильева смирнова сeргей андрей ъирина сергейъ александръ ирина александр попов еленаъ ольга смирнова сергей олга,а в й в й а й в в а а й й а ъ ъ а р в ъ а а й а,24,22~30,Выход: а в й в й а й в в а а й й а й ъ ъ а р в а а а й а
иванов олга петрова сeргей александр андрей серьгей смирнова сергейъ иванов васильева сергей сергей сергейъ иванова сергейъ кузнецова сeргей олга александръ смирнова александръ васильева еленаъ оьлга петров,в а а й р й й а ъ в а й й ъ а ъ а й а ъ а ъ а ъ а в,26,22~30,Выход: в а а й р й й а ъ в а й й ъ а ъ а й а р ъ а ъ а а ъ а в
александр смирнов андрей анна алексей смирнов анастасия алексей оьлга александръ дмиьтрий иванова алексей сергей дмитьрий иванов елена серьгей иванова кузнецова сергейъ смирнов ъирина,р в й а й в я й а ъ й а й й й в а й а а ъ в а,23,22~30,Выход: р в й а й в я й а р ъ й а й й в а й а а ъ в а
александръ ирина олга петрова ольга оьлга кузнецова сергей кузнецова еленаъ дмитьрий александръ,ъ а а а а а а й а ъ й ъ,12,8~15,Выход: ъ а а а а а а й а ъ й ъ
анна петров александръ еленаъ сергейъ оьлга дмиьтрий олга анна анастасия кузнецов,а в ъ ъ ъ а й а а я в,11,8~15,Выход: а в р а ъ а й а а я в
александр серьгей сeргей иванов петров александр александр иванова ольга ъирина,р й й в в р р а а а,10,8~15,Выход: р й й в в р р а а а
элена смирнова кузнецов дмитьрий оьлга сергей елена сергейъ васильева анастасия,а а в й а й а ъ а я,10,8~15,Выход: а а в й а й а ъ а я
серьгей еленаъ олга иванова попов алексей иванова кузнецова смирнова дмиьтрий сeргей сeргей серьгей,й ъ а а в й а а а й й й й,13,8~15,Выход: й ъ а а в й а а а й й й й
петрова алексей оьлга ирина еленаъ петрова сeргей смирнов сергейъ кузнецов анна,а й а а ъ а й в ъ в а,11,8~15,Выход: а й а а ъ а й в ъ в а
попов сергей олга дмитьрий ъирина ъирина иванов смирнов елена андрей петров ъирина,в й а й а а в в а й в а,12,8~15,Выход: в й а й а а в в а й в а
дмиьтрий алексей александр кузнецова элена смирнов петрова сергей попов элена,й й р а а в а й в а,10,8~15,Выход: й й р а а в а й в а
попов смирнов васильева александръ александр дмиьтрий сeргей сeргей,в в а ъ р й й й,8,8~15,Выход: в в а ъ р й й й
иванова андрей попов оьлга петрова алексей ирина александръ елена сeргей елена,а й в а а й а ъ а й а,11,8~15,Выход: а й в а а й а ъ а й а
ъирина смирнов смирнов алексей еленаъ елена кузнецова ирина александръ ольга еленаъ,а в в й ъ а а а ъ а ъ,11,8~15,Выход: а в в й ъ а а а р а ъ
серьгей андрей алексей александръ дмиьтрий смирнова кузнецова иванова александр иванова,й й й ъ й а а а р а,10,8~15,Выход: й й й ъ й а а а р а
петрова еленаъ петрова кузнецова петров оьлга иванова васильева смирнов сергейъ васильева элена александръ,а ъ а а в а а а в ъ а а ъ,13,8~15,Выход: а ъ а а в а а а в ъ а а ръ
иванова александръ васильева иванов александр петрова елена андрей петров александръ сергейъ,а ъ а в р а а й в ъ ъ,11,8~15,Выход: а ъ а в р а а й в ъ й
смирнова оьлга олга петрова алексей дмитьрий анна смирнова петров кузнецова кузнецова,а а а а й й а а в а а,11,8~15,Выход: а а а а й й а а в а а
сeргей елена дмитьрий анна александръ анастасия елена серьгей анна олга попов,й а й а ъ я а й а а в,11,8~15,Выход: й а й а ъ я а й а а в
кузнецова смирнов алексей кузнецов дмиьтрий иванов иванова кузнецов дмиьтрий иванова оьлга сергей сергей иванова,а в й в й в а в й а а й й а,14,8~15,Выход: а в й в й в а в й а а й й а
попов ъирина ольга петрова андрей елена сeргей смирнов,в а а а й а й в,8,8~15,Выход: в а а а й а й в
оьлга ольга александръ еленаъ кузнецов иванов анна попов александр ольга алексей,а а ъ ъ в в а в р а й,11,8~15,Выход: а а ръ а в в а в р а й
серьгей кузнецов александръ попов анна андрей смирнова андрей элена александръ александръ елена сергей оьлга,й в ъ в а й а й а ъ ъ а й а,14,8~15,Выход: й в р в а й а й р р а й а
смирнова петрова смирнов елена анастасия серьгей васильева олга сергейъ александр кузнецов ирина смирнов,а а в а я й а а ъ р в а в,13,8~15,Выход: а а в а я й а а ъ р в а в
ирина елена сeргей андрей петрова ольга александръ сeргей иванова васильева анастасия елена иванов,а а й й а а ъ й а а я а в,13,8~15,Выход: а а й й а а ъ й а а я а в
александр кузнецов иванов алексей сeргей иванова александръ ирина александръ дмитьрий,р в в й й а ъ а ъ й,10,8~15,Выход: р в в й й а ъ а ъ й
алексей петрова еленаъ сергейъ андрей александръ петрова попов иванова сергейъ смирнов елена сергейъ,й а ъ ъ й ъ а в а ъ в а ъ,13,8~15,Выход: й а а ъ й р ъ а в а ъ в а ъ
смирнов алексей петрова александр оьлга иванов александр андрей сeргей петров васильева олга сергейъ,в й а р а в р й й в а а ъ,13,8~15,Выход: в й а р а в р й в а а ъ
дмиьтрий оьлга кузнецов еленаъ васильева оьлга дмитьрий ирина алексей андрей анастасия,й а в ъ а а й а й й я,11,8~15,Выход: й а в а а а й а й й я
олга ирина алексей смирнов смирнов смирнова анна анна,а а й в в а а а,8,8~15,Выход: а а й в в а а а
ъирина попов дмитьрий иванов елена кузнецова попов еленаъ иванова серьгей попов,а в й в а а в ъ а й в,11,8~15,Выход: а в й в а а ъ а й в
ирина дмитьрий алексей андрей элена сергейъ сeргей андрей,а й й й а ъ й й,8,8~15,Выход: а й й й а ъ й й
кузнецова петров олга ольга попов смирнова элена алексей,а в а а в а а й,8,8~15,Выход: а в а а в а а й
элена анастасия петрова дмиьтрий смирнов дмиьтрий андрей попов иванов анна кузнецова анастасия васильева,а я а й в й й в в а а я а,13,8~15,Выход: а я а й в й й в в а а я а
александр дмитьрий александр андрей ъирина кузнецов александр иванов ольга петров ъирина дмиьтрий сeргей иванов,р й р й а в р в а в а й й в,14,8~15,Выход: р й р й а в р в а в а й й в
олга елена дмитьрий ирина александръ сeргей еленаъ кузнецова еленаъ смирнов кузнецов сергейъ,а а й а ъ й ъ а ъ в в ъ,12,8~15,Выход: а а й а р й а а а в в ъ
оьлга олга александр ольга дмитьрий ольга иванова серьгей,а а р а й а а й,8,8~15,Выход: а а р а й а а й
смирнов анастасия кузнецов смирнов ирина смирнов смирнов ъирина еленаъ дмитьрий,в я в в а в в а ъ й,10,8~15,Выход: в а в в а в в а а й
александръ васильева ирина сергей серьгей александръ серьгей ъирина петрова,ъ а а й й ъ й а а,9,8~15,Выход: ъ а а й й ъ й а а
ольга елена иванова смирнов сергей петрова еленаъ элена дмитьрий серьгей ирина смирнова кузнецова попов,а а а в й а ъ а й й а а а в,14,8~15,Выход: а а а в й а а а й й а а а в
сeргей дмиьтрий дмиьтрий серьгей дмитьрий иванов ъирина олга ольга дмитьрий,й й й й й в а а а й,10,8~15,Выход: й й й й й в а а й
петров сергейъ александр анна анастасия васильева анна серьгей ольга александр,в ъ р а я а а й а р,10,8~15,Выход: в ъ р а я а а й а р
ольга алексей дмитьрий александръ смирнова кузнецова александръ дмиьтрий ольга оьлга анна,а й й ъ а а ъ й а а а,11,8~15,Выход: а й й ъ а а ъ й а а а
анна кузнецова александр ирина петрова александръ александр ольга оьлга васильева,а а р а а ъ р а а а,10,8~15,Выход: а а р а а ъ р а а а
анастасия анастасия александръ петров анастасия сeргей анна попов смирнов петрова,я я ъ в я й а в в а,10,8~15,Выход: я я ъ в я й а в в а
ъирина сeргей анна ъирина ъирина еленаъ ъирина анастасия,а й а а а ъ а я,8,8~15,Выход: а й а а а ъ а я
смирнова еленаъ попов петров смирнова андрей ъирина васильева смирнов кузнецов,а ъ в в а й а а в в,10,8~15,Выход: а ъ в в а й а а в в
дмитьрий сергей александръ серьгей александр иванов александр иванова иванова анастасия,й й ъ й р в р а а я,10,8~15,Выход: й й д й р в р а а я
елена ъирина петров иванова кузнецов попов кузнецов серьгей васильева александр,а а в а в в в й а р,10,8~15,Выход: а а в а в в в й а р
смирнов васильева александр ольга дмитьрий дмиьтрий оьлга александр ъирина,в а р а й й а р а,9,8~15,Выход: в а р а й й а р а
александръ олга александръ андрей ольга олга сергейъ алексей сергейъ александр петрова иванова,ъ а ъ й а а ъ й ъ р а а,12,8~15,Выход: ъ а ъ й а а ъ й ъ р а а
иванова оьлга кузнецов петров алексей попов александр попов смирнова иванов алексей александр еленаъ дмиьтрий,а а в в й в р в а в й р ъ й,14,8~15,Выход: а а в в й в р в в й р а й
кузнецова дмиьтрий серьгей смирнова сeргей сeргей еленаъ попов элена кузнецова александр еленаъ,а й й а й й ъ в а а р ъ,12,8~15,Выход: а й й а й й ъ в а а р ъ
анастасия кузнецов александр дмитьрий петрова иванова анастасия кузнецова петрова ирина ъирина,я в р й а а я а а а а,11,8~15,Выход: я в р й а а я а а а
смирнов петров элена олга елена елена олга елена ирина иванова,в в а а а а а а а а,10,8~15,Выход: в в а а а а а а а а
оьлга петров анна олга сергейъ елена сергейъ кузнецов смирнов анна элена кузнецов олга,а в а а ъ а ъ в в а а в а,13,8~15,Выход: а в а а ъ а ъ в в а а в а
алексей сергей сергейъ александр ольга попов иванова сергей елена попов,й й ъ р а в а й а в,10,8~15,Выход: й й ъ р а в а й а в
александр ирина смирнова ольга оьлга смирнов серьгей дмиьтрий дмиьтрий петрова смирнова,р а а а а в й й й а а,11,8~15,Выход: р а а а а в й й й а а
анастасия кузнецов кузнецова попов ъирина олга елена иванова дмитьрий дмитьрий ъирина,я в а в а а а а й й а,11,8~15,Выход: а в а в а а а а й й а
анна иванов сeргей петров васильева кузнецова анастасия анна сергей кузнецова кузнецов сeргей сергейъ,а в й в а а я а й а в й ъ,13,8~15,Выход: а в й в а а я а й а в й ъ
анна иванов дмиьтрий анна петрова смирнова кузнецов иванова еленаъ сергейъ анастасия,а в й а а а в а ъ ъ я,11,8~15,Выход: а в й а а а в а ъ ъ я
ирина иванова андрей александр анна анна васильева петров алексей петрова васильева сергей,а а й р а а а в й а а й,12,8~15,Выход: а а й р а а а в й а й
сергейъ петрова дмитьрий кузнецов алексей кузнецов серьгей александръ андрей дмитьрий дмиьтрий элена иванова,ъ а й в й в й ъ й й й а а,13,8~15,Выход: ъ а й в й в й ъ й й й а а
серьгей оьлга елена олга оьлга елена анастасия петров петров александръ смирнов,й а а а а а я в в ъ в,11,8~15,Выход: й а а а а а я в в ъ в
анастасия серьгей кузнецов иванов андрей андрей иванова анна ирина иванов иванова попов петрова ъирина,я й в в й й а а а в а в а а,14,8~15,Выход: я й в в й й а а а в а в а а
ольга серьгей александр иванова иванова иванов ъирина александръ петров александр васильева дмитьрий ъирина ъирина,а й р а а в а ъ в р а й а а,14,8~15,Выход: а й р а а в а р в а й а а а
петров иванов анна ольга васильева александр ъирина александр ъирина сeргей сергейъ смирнов петрова,в в а а а р а р а й ъ в а,13,8~15,Выход: в в а а а р а р й ъ в а
ольга ирина смирнов серьгей анастасия серьгей ольга кузнецова петрова олга,а а в й я й а а а а,10,8~15,Выход: а а в й а й а а а а
сергейъ ольга елена александръ петров кузнецов ъирина петров оьлга кузнецов смирнов кузнецов еленаъ элена,ъ а а ъ в в а в а в в в ъ а,14,8~15,Выход: ъ а а р в в а в а в в в а а
сeргей дмиьтрий оьлга петрова елена петрова олга оьлга,й й а а а а а а,8,8~15,Выход: й й а а а а а а
еленаъ смирнова петрова еленаъ елена сeргей сергейъ попов дмиьтрий кузнецов ирина,ъ а а ъ а й ъ в й в а,11,8~15,Выход: ъ а а ъ а й й в й в а
ольга элена петрова александр петров оьлга сeргей александръ дмитьрий петрова,а а а р в а й ъ й а,10,8~15,Выход: а а а р в а й ъ й а
смирнова ольга сeргей дмитьрий елена дмиьтрий кузнецова попов ъирина сергейъ,а а й й а й а в а ъ,10,8~15,Выход: а а й й а й а в а ъ
олга серьгей александръ серьгей сeргей иванова васильева иванова ирина сeргей серьгей элена дмиьтрий,а й ъ й й а а а а й й а й,13,8~15,Выход: а й р ъ й а а а а й й а й
петрова александр алексей петров попов сергей кузнецова серьгей дмитьрий иванова анна ъирина дмиьтрий иванов,а р й в в й а й й а а а й в,14,8~15,Выход: а р й в в й а й й а а й в
анна петрова петров васильева андрей алексей ольга дмиьтрий александръ иванов попов сергейъ александр,а а в а й й а й ъ в в ъ р,13,8~15,Выход: а а в а й й а й ъ в в й р
иванова ольга еленаъ ъирина иванов андрей анна ольга серьгей попов олга елена анастасия андрей,а а ъ а в й а а й в а а я й,14,8~15,Выход: а а ъ а в й а а й в а а я й
смирнов дмиьтрий оьлга оьлга иванова ирина петров ирина олга васильева,в й а а а а в а а а,10,8~15,Выход: в й а а а а в а а а
